Trial,Latency_us
0,59
1,37
2,37
3,40
4,39
5,46
6,39
7,46
8,41
9,39
10,42
11,173
12,38
13,43
14,31
15,42
16,42
17,40
18,42
19,41
20,45
21,40
22,41
23,32
24,42
25,36
26,41
27,38
28,40
29,37
30,42
31,39
32,39
33,31
34,44
35,43
36,41
37,40
38,42
39,39
40,41
41,43
42,58
43,48
44,56
45,37
46,47
47,45
48,51
49,50
50,45
51,47
52,45
53,51
54,46
55,35
56,49
57,47
58,48
59,50
60,46
61,50
62,48
63,33
64,35
65,39
66,48
67,42
68,47
69,46
70,48
71,45
72,33
73,32
74,41
75,40
76,48
77,39
78,50
79,44
80,48
81,46
82,49
83,46
84,49
85,44
86,49
87,43
88,49
89,43
90,49
91,48
92,54
93,48
94,54
95,47
96,55
97,47
98,54
99,47
100,54
101,51
102,55
103,48
104,53
105,48
106,54
107,50
108,55
109,41
110,43
111,55
112,47
113,54
114,48
115,46
116,44
117,68
118,50
119,62
120,59
121,76
122,51
123,81
124,46
125,54
126,44
127,46
128,49
129,76
130,53
131,52
132,44
133,31
134,45
135,46
136,58
137,35
138,41
139,41
140,57
141,47
142,43
143,47
144,44
145,48
146,44
147,43
148,41
149,48
150,32
151,55
152,42
153,42
154,42
155,43
156,64
157,43
158,41
159,43
160,48
161,41
162,43
163,43
164,39
165,40
166,38
167,43
168,39
169,33
170,43
171,42
172,43
173,44
174,39
175,43
176,31
177,46
178,44
179,42
180,42
181,40
182,48
183,36
184,40
185,45
186,44
187,40
188,32
189,59
190,42
191,45
192,42
193,42
194,32
195,40
196,44
197,32
198,42
199,47
200,48
201,44
202,46
203,38
204,40
205,35
206,48
207,38
208,52
209,52
210,42
211,45
212,45
213,40
214,31
215,46
216,45
217,47
218,44
219,43
220,42
221,45
222,49
223,42
224,43
225,41
226,47
227,40
228,42
229,43
230,43
231,45
232,45
233,41
234,41
235,43
236,46
237,41
238,40
239,31
240,35
241,42
242,42
243,41
244,41
245,42
246,31
247,45
248,44
249,40
250,46
251,42
252,42
253,41
254,44
255,48
256,43
257,42
258,45
259,42
260,45
261,39
262,43
263,42
264,42
265,47
266,48
267,48
268,47
269,32
270,47
271,33
272,31
273,32
274,48
275,33
276,42
277,49
278,47
279,46
280,33
281,43
282,49
283,49
284,44
285,33
286,57
287,36
288,44
289,45
290,46
291,32
292,46
293,47
294,32
295,40
296,33
297,48
298,49
299,48
300,42
301,33
302,44
303,41
304,32
305,51
306,38
307,42
308,48
309,32
310,42
311,50
312,43
313,33
314,49
315,32
316,47
317,43
318,42
319,32
320,31
321,32
322,32
323,31
324,43
325,33
326,47
327,43
328,42
329,34
330,34
331,27
332,53
333,37
334,52
335,31
336,23
337,34
338,33
339,34
340,32
341,33
342,40
343,29
344,31
345,33
346,33
347,20
348,31
349,33
350,33
351,33
352,33
353,31
354,20
355,31
356,33
357,28
358,35
359,27
360,37
361,37
362,35
363,30
364,34
365,34
366,34
367,34
368,30
369,17
370,18
371,20
372,19
373,17
374,42
375,19
376,18
377,18
378,31
379,32
380,30
381,34
382,32
383,18
384,18
385,34
386,17
387,18
388,18
389,18
390,18
391,18
392,31
393,18
394,18
395,32
396,32
397,18
398,18
399,18
400,18
401,17
402,18
403,18
404,17
405,20
406,34
407,18
408,18
409,31
410,18
411,18
412,18
413,18
414,18
415,17
416,19
417,79
418,35
419,37
420,33
421,37
422,34
423,34
424,35
425,36
426,31
427,34
428,35
429,31
430,33
431,36
432,33
433,40
434,31
435,34
436,35
437,33
438,39
439,25
440,24
441,53
442,17
443,42
444,36
445,23
446,52
447,27
448,21
449,17
450,32
451,35
452,44
453,32
454,37
455,34
456,34
457,32
458,42
459,34
460,37
461,35
462,33
463,42
464,33
465,34
466,32
467,43
468,35
469,32
470,34
471,33
472,36
473,33
474,33
475,36
476,32
477,36
478,36
479,33
480,36
481,35
482,37
483,36
484,34
485,36
486,36
487,34
488,32
489,33
490,36
491,35
492,30
493,29
494,38
495,34
496,44
497,40
498,30
499,18
500,17
501,18
502,17
503,18
504,14
505,23
506,34
507,31
508,28
509,18
510,30
511,18
512,19
513,26
514,18
515,16
516,19
517,18
518,17
519,17
520,27
521,19
522,17
523,18
524,15
525,29
526,27
527,41
528,34
529,19
530,18
531,30
532,18
533,19
534,19
535,22
536,18
537,16
538,19
539,17
540,19
541,18
542,18
543,18
544,19
545,22
546,26
547,18
548,16
549,19
550,17
551,19
552,27
553,25
554,27
555,32
556,30
557,15
558,19
559,22
560,28
561,15
562,17
563,18
564,20
565,19
566,19
567,33
568,18
569,18
570,29
571,18
572,19
573,18
574,18
575,17
576,19
577,19
578,17
579,18
580,19
581,19
582,17
583,19
584,18
585,17
586,18
587,19
588,18
589,18
590,18
591,19
592,14
593,17
594,19
595,17
596,19
597,19
598,19
599,20
600,18
601,23
602,28
603,22
604,16
605,15
606,30
607,27
608,19
609,16
610,19
611,14
612,18
613,28
614,19
615,16
616,16
617,34
618,21
619,29
620,27
621,18
622,19
623,19
624,31
625,18
626,18
627,34
628,17
629,18
630,17
631,18
632,18
633,18
634,18
635,19
636,27
637,18
638,18
639,34
640,27
641,31
642,19
643,19
644,21
645,18
646,25
647,31
648,19
649,19
650,17
651,18
652,19
653,30
654,19
655,18
656,31
657,17
658,13
659,19
660,18
661,18
662,17
663,18
664,18
665,32
666,28
667,32
668,32
669,41
670,26
671,32
672,31
673,20
674,18
675,17
676,18
677,28
678,17
679,32
680,18
681,18
682,17
683,16
684,18
685,17
686,16
687,18
688,16
689,20
690,18
691,19
692,18
693,18
694,16
695,18
696,34
697,18
698,30
699,20
700,19
701,19
702,19
703,18
704,18
705,18
706,19
707,19
708,18
709,16
710,18
711,19
712,17
713,29
714,16
715,29
716,31
717,18
718,19
719,19
720,19
721,30
722,17
723,16
724,18
725,31
726,16
727,19
728,18
729,18
730,18
731,18
732,18
733,19
734,17
735,18
736,16
737,16
738,18
739,16
740,31
741,19
742,19
743,19
744,18
745,18
746,19
747,19
748,18
749,16
750,502
751,19
752,19
753,19
754,19
755,19
756,17
757,17
758,17
759,18
760,16
761,19
762,16
763,29
764,18
765,19
766,27
767,18
768,18
769,19
770,17
771,29
772,35
773,17
774,16
775,19
776,24
777,23
778,19
779,19
780,18
781,16
782,19
783,16
784,19
785,19
786,19
787,16
788,16
789,16
790,19
791,19
792,19
793,18
794,18
795,19
796,17
797,19
798,19
799,2549
800,18
801,19
802,30
803,19
804,18
805,18
806,17
807,20
808,36
809,34
810,23
811,15
812,32
813,18
814,18
815,14
816,18
817,18
818,19
819,18
820,16
821,18
822,18
823,17
824,17
825,16
826,29
827,18
828,18
829,15
830,19
831,28
832,31
833,28
834,19
835,32
836,18
837,18
838,18
839,17
840,17
841,19
842,29
843,16
844,19
845,16
846,17
847,18
848,19
849,30
850,19
851,16
852,30
853,15
854,19
855,19
856,18
857,2187
858,16
859,19
860,15
861,19
862,17
863,17
864,17
865,19
866,18
867,19
868,14
869,19
870,19
871,19
872,463
873,18
874,13
875,21
876,18
877,29
878,30
879,20
880,18
881,18
882,19
883,17
884,16
885,19
886,16
887,19
888,19
889,17
890,14
891,19
892,21
893,16
894,17
895,19
896,17
897,20
898,17
899,16
900,27
901,19
902,19
903,17
904,15
905,19
906,19
907,30
908,18
909,19
910,17
911,17
912,17
913,19
914,16
915,19
916,26
917,16
918,18
919,16
920,17
921,19
922,19
923,19
924,19
925,19
926,16
927,19
928,19
929,19
930,19
931,16
932,19
933,17
934,19
935,273
936,29
937,30
938,29
939,27
940,37
941,23
942,17
943,18
944,18
945,18
946,18
947,18
948,18
949,18
950,18
951,19
952,16
953,19
954,19
955,19
956,20
957,19
958,19
959,19
960,19
961,17
962,19
963,19
964,19
965,19
966,18
967,14
968,19
969,19
970,19
971,19
972,19
973,19
974,19
975,19
976,20
977,19
978,21
979,19
980,19
981,19
982,19
983,19
984,19
985,19
986,15
987,19
988,19
989,19
990,18
991,19
992,19
993,19
994,24
995,28
996,19
997,19
998,19
999,18
1000,19
1001,19
1002,19
1003,18
1004,16
1005,19
1006,19
1007,19
1008,19
1009,35
1010,17
1011,19
1012,19
1013,19
1014,19
1015,19
1016,19
1017,19
1018,21
1019,20
1020,20
1021,19
1022,19
1023,19
1024,19
1025,19
1026,16
1027,17
1028,19
1029,18
1030,18
1031,19
1032,19
1033,26
1034,18
1035,19
1036,18
1037,19
1038,19
1039,28
1040,26
1041,30
1042,22
1043,24
1044,22
1045,26
1046,26
1047,27
1048,19
1049,19
1050,807
1051,14
1052,23
1053,21
1054,14
1055,16
1056,19
1057,16
1058,20
1059,17
1060,19
1061,18
1062,20
1063,17
1064,19
1065,19
1066,20
1067,19
1068,26
1069,17
1070,15
1071,17
1072,30
1073,19
1074,19
1075,18
1076,17
1077,18
1078,21
1079,16
1080,18
1081,15
1082,18
1083,16
1084,18
1085,18
1086,19
1087,18
1088,19
1089,19
1090,19
1091,20
1092,32
1093,14
1094,19
1095,17
1096,17
1097,19
1098,20
1099,19
1100,15
1101,17
1102,19
1103,19
1104,19
1105,19
1106,20
1107,19
1108,19
1109,19
1110,19
1111,21
1112,16
1113,18
1114,16
1115,31
1116,30
1117,19
1118,16
1119,17
1120,19
1121,19
1122,17
1123,16
1124,19
1125,19
1126,19
1127,18
1128,19
1129,19
1130,15
1131,19
1132,19
1133,19
1134,19
1135,18
1136,16
1137,19
1138,18
1139,17
1140,18
1141,19
1142,19
1143,19
1144,18
1145,15
1146,20
1147,19
1148,18
1149,19
1150,19
1151,19
1152,19
1153,19
1154,19
1155,19
1156,19
1157,19
1158,19
1159,17
1160,15
1161,16
1162,18
1163,19
1164,19
1165,18
1166,19
1167,18
1168,19
1169,16
1170,18
1171,18
1172,19
1173,19
1174,19
1175,19
1176,18
1177,19
1178,15
1179,18
1180,19
1181,15
1182,15
1183,19
1184,19
1185,19
1186,19
1187,19
1188,19
1189,17
1190,19
1191,19
1192,19
1193,19
1194,19
1195,19
1196,16
1197,19
1198,18
1199,19
1200,16
1201,46
1202,19
1203,17
1204,16
1205,15
1206,18
1207,23
1208,22
1209,26
1210,24
1211,22
1212,19
1213,35
1214,21
1215,69
1216,35
1217,15
1218,19
1219,35
1220,19
1221,18
1222,20
1223,43
1224,147
1225,87
1226,17
1227,19
1228,36
1229,18
1230,20
1231,28
1232,21
1233,33
1234,20
1235,24
1236,28
1237,21
1238,19
1239,29
1240,20
1241,19
1242,21
1243,19
1244,28
1245,20
1246,28
1247,20
1248,19
1249,28
1250,20
1251,21
1252,19
1253,21
1254,38
1255,17
1256,39
1257,16
1258,18
1259,48
1260,12
1261,21
1262,14
1263,20
1264,22
1265,30
1266,30
1267,18
1268,20
1269,34
1270,23
1271,41
1272,18
1273,19
1274,18
1275,20
1276,19
1277,17
1278,19
1279,19
1280,22
1281,19
1282,19
1283,21
1284,16
1285,19
1286,16
1287,15
1288,19
1289,21
1290,14
1291,17
1292,17
1293,17
1294,19
1295,17
1296,19
1297,19
1298,17
1299,19
1300,19
1301,28
1302,20
1303,17
1304,19
1305,19
1306,19
1307,19
1308,19
1309,19
1310,19
1311,20
1312,19
1313,16
1314,15
1315,19
1316,14
1317,19
1318,17
1319,17
1320,17
1321,19
1322,19
1323,19
1324,15
1325,19
1326,20
1327,19
1328,15
1329,15
1330,20
1331,16
1332,18
1333,18
1334,14
1335,19
1336,13
1337,19
1338,17
1339,16
1340,24
1341,17
1342,16
1343,18
1344,19
1345,17
1346,17
1347,19
1348,20
1349,19
1350,19
1351,19
1352,19
1353,19
1354,18
1355,19
1356,19
1357,19
1358,19
1359,19
1360,19
1361,20
1362,19
1363,26
1364,19
1365,17
1366,16
1367,17
1368,19
1369,18
1370,17
1371,17
1372,19
1373,18
1374,17
1375,19
1376,17
1377,19
1378,15
1379,16
1380,19
1381,19
1382,19
1383,20
1384,17
1385,19
1386,19
1387,19
1388,19
1389,17
1390,19
1391,17
1392,20
1393,19
1394,19
1395,20
1396,17
1397,19
1398,19
1399,18
1400,15
1401,15
1402,20
1403,20
1404,17
1405,15
1406,19
1407,20
1408,19
1409,19
1410,20
1411,15
1412,19
1413,20
1414,19
1415,19
1416,20
1417,18
1418,19
1419,18
1420,17
1421,17
1422,20
1423,14
1424,19
1425,19
1426,20
1427,15
1428,19
1429,19
1430,19
1431,20
1432,19
1433,15
1434,19
1435,19
1436,19
1437,19
1438,19
1439,17
1440,24
1441,19
1442,20
1443,19
1444,19
1445,18
1446,19
1447,21
1448,19
1449,16
1450,16
1451,18
1452,17
1453,20
1454,19
1455,19
1456,18
1457,19
1458,19
1459,15
1460,19
1461,19
1462,19
1463,19
1464,17
1465,19
1466,19
1467,19
1468,28
1469,22
1470,21
1471,19
1472,19
1473,19
1474,19
1475,17
1476,18
1477,19
1478,19
1479,19
1480,19
1481,19
1482,19
1483,19
1484,19
1485,19
1486,19
1487,19
1488,19
1489,18
1490,19
1491,19
1492,19
1493,19
1494,19
1495,19
1496,14
1497,17
1498,19
1499,19
1500,19
1501,19
1502,19
1503,19
1504,19
1505,19
1506,18
1507,17
1508,19
1509,18
1510,19
1511,19
1512,19
1513,19
1514,19
1515,19
1516,19
1517,18
1518,19
1519,19
1520,19
1521,19
1522,17
1523,19
1524,19
1525,19
1526,19
1527,17
1528,18
1529,17
1530,19
1531,17
1532,20
1533,16
1534,18
1535,22
1536,14
1537,16
1538,19
1539,20
1540,15
1541,15
1542,15
1543,16
1544,15
1545,16
1546,16
1547,15
1548,16
1549,16
1550,16
1551,15
1552,16
1553,16
1554,15
1555,15
1556,15
1557,15
1558,15
1559,20
1560,12
1561,16
1562,15
1563,15
1564,15
1565,15
1566,15
1567,16
1568,20
1569,15
1570,16
1571,15
1572,15
1573,16
1574,17
1575,16
1576,15
1577,19
1578,15
1579,15
1580,15
1581,16
1582,15
1583,20
1584,16
1585,15
1586,16
1587,15
1588,15
1589,15
1590,16
1591,15
1592,15
1593,15
1594,18
1595,16
1596,15
1597,15
1598,15
1599,15
1600,15
1601,18
1602,15
1603,17
1604,15
1605,13
1606,15
1607,18
1608,15
1609,16
1610,15
1611,15
1612,15
1613,15
1614,17
1615,43
1616,19
1617,25
1618,16
1619,22
1620,16
1621,15
1622,18
1623,15
1624,15
1625,19
1626,15
1627,16
1628,15
1629,18
1630,15
1631,18
1632,16
1633,15
1634,16
1635,16
1636,15
1637,15
1638,15
1639,15
1640,15
1641,20
1642,15
1643,15
1644,15
1645,15
1646,15
1647,15
1648,15
1649,15
1650,15
1651,16
1652,15
1653,15
1654,15
1655,15
1656,15
1657,16
1658,15
1659,15
1660,16
1661,19
1662,21
1663,19
1664,15
1665,15
1666,15
1667,15
1668,15
1669,15
1670,15
1671,20
1672,16
1673,15
1674,18
1675,15
1676,16
1677,15
1678,16
1679,15
1680,15
1681,15
1682,18
1683,16
1684,15
1685,16
1686,17
1687,20
1688,15
1689,16
1690,15
1691,15
1692,16
1693,15
1694,15
1695,17
1696,16
1697,15
1698,18
1699,15
1700,16
1701,15
1702,18
1703,15
1704,15
1705,16
1706,15
1707,15
1708,15
1709,15
1710,15
1711,18
1712,19
1713,17
1714,18
1715,15
1716,15
1717,15
1718,15
1719,16
1720,15
1721,19
1722,15
1723,17
1724,15
1725,18
1726,15
1727,15
1728,15
1729,17
1730,15
1731,21
1732,22
1733,16
1734,19
1735,16
1736,15
1737,16
1738,15
1739,15
1740,16
1741,15
1742,18
1743,16
1744,16
1745,15
1746,15
1747,17
1748,15
1749,15
1750,15
1751,16
1752,15
1753,15
1754,16
1755,15
1756,15
1757,15
1758,15
1759,16
1760,15
1761,15
1762,15
1763,15
1764,18
1765,16
1766,15
1767,17
1768,10
1769,22
1770,20
1771,20
1772,15
1773,16
1774,18
1775,16
1776,21
1777,15
1778,15
1779,16
1780,15
1781,15
1782,15
1783,16
1784,15
1785,15
1786,15
1787,15
1788,15
1789,17
1790,16
1791,16
1792,16
1793,15
1794,15
1795,15
1796,15
1797,15
1798,16
1799,15
1800,15
1801,19
1802,15
1803,16
1804,15
1805,16
1806,15
1807,19
1808,15
1809,15
1810,15
1811,19
1812,19
1813,16
1814,10
1815,36
1816,34
1817,36
1818,35
1819,36
1820,33
1821,36
1822,35
1823,36
1824,35
1825,36
1826,34
1827,36
1828,33
1829,36
1830,35
1831,34
1832,35
1833,36
1834,35
1835,33
1836,34
1837,43
1838,21
1839,29
1840,40
1841,30
1842,36
1843,36
1844,36
1845,36
1846,36
1847,33
1848,36
1849,33
1850,36
1851,36
1852,37
1853,36
1854,34
1855,36
1856,46
1857,33
1858,33
1859,44
1860,36
1861,33
1862,34
1863,35
1864,37
1865,46
1866,33
1867,33
1868,33
1869,36
1870,36
1871,32
1872,33
1873,40
1874,47
1875,37
1876,35
1877,32
1878,20
1879,47
1880,36
1881,37
1882,27
1883,47
1884,34
1885,36
1886,35
1887,43
1888,33
1889,38
1890,20
1891,49
1892,35
1893,35
1894,32
1895,36
1896,31
1897,40
1898,31
1899,37
1900,33
1901,36
1902,37
1903,34
1904,32
1905,35
1906,42
1907,36
1908,35
1909,34
1910,35
1911,36
1912,34
1913,32
1914,36
1915,35
1916,34
1917,35
1918,36
1919,36
1920,36
1921,35
1922,36
1923,35
1924,37
1925,35
1926,34
1927,35
1928,31
1929,35
1930,34
1931,33
1932,36
1933,31
1934,36
1935,36
1936,36
1937,36
1938,33
1939,34
1940,33
1941,36
1942,36
1943,36
1944,35
1945,36
1946,32
1947,34
1948,31
1949,34
1950,36
1951,36
1952,32
1953,37
1954,36
1955,35
1956,36
1957,36
1958,35
1959,35
1960,34
1961,36
1962,36
1963,34
1964,36
1965,36
1966,35
1967,34
1968,36
1969,36
1970,35
1971,36
1972,35
1973,36
1974,35
1975,36
1976,31
1977,33
1978,32
1979,35
1980,41
1981,31
1982,34
1983,32
1984,36
1985,38
1986,39
1987,35
1988,35
1989,34
1990,36
1991,34
1992,36
1993,34
1994,33
1995,33
1996,33
1997,36
1998,34
1999,36
2000,35
2001,36
2002,35
2003,37
2004,36
2005,37
2006,34
2007,36
2008,33
2009,34
2010,42
2011,36
2012,35
2013,34
2014,33
2015,29
2016,36
2017,32
2018,36
2019,32
2020,32
2021,35
2022,34
2023,35
2024,37
2025,36
2026,34
2027,36
2028,36
2029,35
2030,36
2031,37
2032,53
2033,16
2034,25
2035,56
2036,25
2037,33
2038,35
2039,34
2040,36
2041,42
2042,31
2043,35
2044,37
2045,32
2046,42
2047,33
2048,36
2049,34
2050,34
2051,36
2052,35
2053,36
2054,36
2055,26
2056,31
2057,36
2058,36
2059,42
2060,33
2061,34
2062,31
2063,36
2064,36
2065,36
2066,35
2067,32
2068,36
2069,36
2070,36
2071,34
2072,31
2073,34
2074,34
2075,33
2076,35
2077,36
2078,34
2079,23
2080,33
2081,34
2082,34
2083,36
2084,34
2085,37
2086,41
2087,31
2088,35
2089,36
2090,33
2091,35
2092,42
2093,33
2094,36
2095,36
2096,35
2097,34
2098,32
2099,33
2100,35
2101,36
2102,36
2103,34
2104,31
2105,35
2106,36
2107,33
2108,36
2109,39
2110,19
2111,18
2112,49
2113,39
2114,23
2115,28
2116,28
2117,36
2118,35
2119,36
2120,37
2121,37
2122,36
2123,43
2124,36
2125,32
2126,33
2127,34
2128,34
2129,36
2130,44
2131,36
2132,31
2133,35
2134,34
2135,36
2136,35
2137,34
2138,35
2139,35
2140,36
2141,21
2142,32
2143,24
2144,30
2145,36
2146,42
2147,35
2148,30
2149,38
2150,42
2151,36
2152,36
2153,35
2154,33
2155,36
2156,35
2157,36
2158,33
2159,36
2160,35
2161,42
2162,34
2163,36
2164,37
2165,35
2166,37
2167,35
2168,37
2169,35
2170,36
2171,31
2172,36
2173,32
2174,34
2175,34
2176,35
2177,33
2178,36
2179,36
2180,33
2181,36
2182,36
2183,36
2184,33
2185,36
2186,34
2187,36
2188,36
2189,35
2190,34
2191,36
2192,36
2193,35
2194,30
2195,33
2196,34
2197,36
2198,36
2199,35
2200,35
2201,33
2202,34
2203,37
2204,36
2205,35
2206,35
2207,29
2208,34
2209,33
2210,36
2211,33
2212,36
2213,33
2214,34
2215,36
2216,36
2217,34
2218,36
2219,27
2220,33
2221,35
2222,35
2223,34
2224,37
2225,36
2226,35
2227,34
2228,33
2229,36
2230,33
2231,32
2232,36
2233,36
2234,33
2235,38
2236,33
2237,36
2238,36
2239,33
2240,31
2241,34
2242,36
2243,36
2244,36
2245,31
2246,43
2247,36
2248,35
2249,34
2250,33
2251,37
2252,35
2253,36
2254,31
2255,36
2256,34
2257,36
2258,39
2259,33
2260,43
2261,36
2262,36
2263,36
2264,36
2265,34
2266,36
2267,36
2268,36
2269,36
2270,33
2271,34
2272,34
2273,36
2274,36
2275,35
2276,37
2277,33
2278,31
2279,36
2280,36
2281,36
2282,34
2283,35
2284,36
2285,33
2286,34
2287,36
2288,35
2289,36
2290,33
2291,36
2292,36
2293,36
2294,32
2295,36
2296,37
2297,33
2298,34
2299,35
2300,36
2301,36
2302,36
2303,35
2304,38
2305,35
2306,36
2307,37
2308,36
2309,36
2310,36
2311,35
2312,32
2313,35
2314,36
2315,36
2316,34
2317,36
2318,36
2319,35
2320,35
2321,34
2322,36
2323,35
2324,36
2325,34
2326,36
2327,36
2328,59
2329,78
2330,15
2331,14
2332,20
2333,46
2334,25
2335,34
2336,36
2337,33
2338,35
2339,43
2340,37
2341,37
2342,42
2343,31
2344,43
2345,35
2346,36
2347,35
2348,34
2349,36
2350,33
2351,35
2352,36
2353,35
2354,35
2355,43
2356,40
2357,19
2358,44
2359,28
2360,34
2361,21
2362,23
2363,21
2364,34
2365,37
2366,36
2367,36
2368,36
2369,33
2370,33
2371,35
2372,35
2373,36
2374,33
2375,34
2376,31
2377,37
2378,35
2379,35
2380,42
2381,36
2382,36
2383,36
2384,32
2385,38
2386,36
2387,32
2388,37
2389,36
2390,34
2391,31
2392,34
2393,31
2394,36
2395,34
2396,31
2397,42
2398,36
2399,36
2400,33
2401,36
2402,32
2403,32
2404,34
2405,36
2406,35
2407,31
2408,33
2409,36
2410,36
2411,36
2412,42
2413,31
2414,36
2415,34
2416,34
2417,34
2418,35
2419,35
2420,36
2421,36
2422,32
2423,36
2424,36
2425,34
2426,36
2427,36
2428,32
2429,36
2430,34
2431,35
2432,43
2433,19
2434,14
2435,47
2436,33
2437,41
2438,25
2439,30
2440,36
2441,36
2442,36
2443,35
2444,36
2445,33
2446,36
2447,34
2448,30
2449,36
2450,33
2451,35
2452,34
2453,33
2454,36
2455,33
2456,36
2457,34
2458,36
2459,35
2460,33
2461,36
2462,36
2463,36
2464,36
2465,36
2466,34
2467,34
2468,34
2469,33
2470,34
2471,35
2472,36
2473,36
2474,36
2475,33
2476,34
2477,35
2478,36
2479,34
2480,34
2481,36
2482,36
2483,38
2484,36
2485,36
2486,36
2487,33
2488,36
2489,33
2490,34
2491,34
2492,36
2493,36
2494,34
2495,36
2496,36
2497,36
2498,36
2499,36
2500,36
2501,33
2502,34
2503,35
2504,36
2505,34
2506,34
2507,36
2508,35
2509,34
2510,33
2511,36
2512,32
2513,36
2514,31
2515,36
2516,36
2517,36
2518,42
2519,31
2520,35
2521,36
2522,35
2523,34
2524,32
2525,36
2526,34
2527,36
2528,36
2529,36
2530,34
2531,35
2532,32
2533,32
2534,36
2535,34
2536,36
2537,36
2538,32
2539,36
2540,36
2541,35
2542,36
2543,36
2544,36
2545,34
2546,36
2547,36
2548,35
2549,36
2550,36
2551,36
2552,32
2553,36
2554,34
2555,34
2556,36
2557,34
2558,34
2559,36
2560,35
2561,35
2562,34
2563,36
2564,36
2565,34
2566,36
2567,31
2568,42
2569,37
2570,36
2571,36
2572,36
2573,35
2574,37
2575,30
2576,36
2577,36
2578,35
2579,36
2580,37
2581,36
2582,36
2583,37
2584,44
2585,40
2586,19
2587,14
2588,52
2589,46
2590,40
2591,37
2592,41
2593,37
2594,37
2595,36
2596,36
2597,34
2598,36
2599,36
2600,36
2601,36
2602,36
2603,34
2604,35
2605,34
2606,33
2607,35
2608,34
2609,36
2610,36
2611,36
2612,33
2613,43
2614,31
2615,34
2616,35
2617,35
2618,35
2619,34
2620,35
2621,34
2622,34
2623,37
2624,34
2625,35
2626,33
2627,31
2628,36
2629,37
2630,36
2631,34
2632,36
2633,36
2634,33
2635,36
2636,36
2637,31
2638,31
2639,35
2640,36
2641,34
2642,34
2643,34
2644,33
2645,32
2646,33
2647,36
2648,33
2649,36
2650,31
2651,36
2652,36
2653,33
2654,35
2655,36
2656,36
2657,34
2658,36
2659,34
2660,36
2661,36
2662,37
2663,16
2664,63
2665,21
2666,36
2667,36
2668,42
2669,37
2670,33
2671,36
2672,34
2673,33
2674,38
2675,33
2676,35
2677,36
2678,37
2679,33
2680,34
2681,36
2682,36
2683,36
2684,36
2685,36
2686,34
2687,33
2688,36
2689,36
2690,36
2691,36
2692,37
2693,34
2694,34
2695,37
2696,36
2697,37
2698,36
2699,37
2700,33
2701,35
2702,43
2703,33
2704,36
2705,36
2706,36
2707,37
2708,33
2709,36
2710,35
2711,37
2712,34
2713,36
2714,32
2715,36
2716,35
2717,37
2718,33
2719,35
2720,36
2721,36
2722,33
2723,36
2724,34
2725,31
2726,49
2727,27
2728,35
2729,34
2730,33
2731,38
2732,43
2733,36
2734,34
2735,33
2736,34
2737,32
2738,37
2739,35
2740,35
2741,30
2742,35
2743,34
2744,35
2745,35
2746,32
2747,33
2748,35
2749,36
2750,36
2751,36
2752,36
2753,32
2754,36
2755,36
2756,32
2757,36
2758,36
2759,34
2760,36
2761,21
2762,17
2763,16
2764,42
2765,33
2766,35
2767,35
2768,37
2769,36
2770,37
2771,33
2772,36
2773,35
2774,36
2775,36
2776,36
2777,36
2778,34
2779,36
2780,38
2781,29
2782,26
2783,22
2784,36
2785,33
2786,37
2787,36
2788,36
2789,36
2790,36
2791,38
2792,33
2793,33
2794,32
2795,34
2796,33
2797,32
2798,34
2799,35
2800,35
2801,35
2802,36
2803,34
2804,36
2805,37
2806,33
2807,42
2808,37
2809,34
2810,32
2811,42
2812,36
2813,36
2814,35
2815,42
2816,35
2817,35
2818,37
2819,36
2820,36
2821,36
2822,36
2823,33
2824,34
2825,36
2826,36
2827,36
2828,35
2829,33
2830,35
2831,34
2832,36
2833,34
2834,47
2835,34
2836,33
2837,36
2838,36
2839,32
2840,34
2841,35
2842,36
2843,36
2844,34
2845,36
2846,37
2847,33
2848,36
2849,36
2850,35
2851,35
2852,34
2853,33
2854,36
2855,36
2856,33
2857,36
2858,35
2859,36
2860,35
2861,35
2862,34
2863,36
2864,33
2865,36
2866,36
2867,37
2868,35
2869,37
2870,36
2871,36
2872,34
2873,35
2874,36
2875,35
2876,35
2877,33
2878,37
2879,35
2880,37
2881,35
2882,34
2883,35
2884,36
2885,35
2886,36
2887,33
2888,34
2889,35
2890,36
2891,35
2892,36
2893,36
2894,34
2895,36
2896,36
2897,35
2898,36
2899,36
2900,36
2901,35
2902,34
2903,31
2904,33
2905,36
2906,33
2907,36
2908,35
2909,36
2910,33
2911,34
2912,36
2913,34
2914,34
2915,36
2916,36
2917,37
2918,35
2919,36
2920,36
2921,36
2922,35
2923,36
2924,37
2925,34
2926,35
2927,36
2928,43
2929,35
2930,34
2931,33
2932,36
2933,36
2934,31
2935,33
2936,36
2937,36
2938,36
2939,35
2940,36
2941,32
2942,36
2943,36
2944,36
2945,34
2946,36
2947,34
2948,29
2949,36
2950,36
2951,36
2952,37
2953,28
2954,34
2955,37
2956,36
2957,36
2958,36
2959,35
2960,36
2961,35
2962,36
2963,31
2964,32
2965,36
2966,36
2967,32
2968,36
2969,36
2970,36
2971,34
2972,36
2973,36
2974,35
2975,36
2976,35
2977,35
2978,37
2979,36
2980,34
2981,36
2982,36
2983,36
2984,35
2985,35
2986,35
2987,36
2988,36
2989,34
2990,36
2991,36
2992,34
2993,36
2994,35
2995,36
2996,35
2997,36
2998,36
2999,36
3000,35
3001,36
3002,36
3003,37
3004,36
3005,36
3006,35
3007,36
3008,36
3009,36
3010,36
3011,32
3012,37
3013,36
3014,35
3015,34
3016,36
3017,36
3018,36
3019,36
3020,36
3021,36
3022,36
3023,36
3024,34
3025,32
3026,36
3027,33
3028,36
3029,34
3030,36
3031,36
3032,36
3033,36
3034,36
3035,36
3036,36
3037,35
3038,36
3039,34
3040,36
3041,36
3042,36
3043,34
3044,36
3045,35
3046,36
3047,35
3048,34
3049,35
3050,35
3051,34
3052,34
3053,35
3054,33
3055,34
3056,36
3057,35
3058,35
3059,36
3060,35
3061,36
3062,35
3063,36
3064,36
3065,36
3066,35
3067,37
3068,35
3069,36
3070,33
3071,36
3072,33
3073,36
3074,35
3075,34
3076,37
3077,36
3078,36
3079,37
3080,45
3081,16
3082,24
3083,17
3084,36
3085,42
3086,39
3087,39
3088,34
3089,38
3090,36
3091,36
3092,36
3093,35
3094,36
3095,36
3096,36
3097,36
3098,34
3099,32
3100,36
3101,38
3102,43
3103,35
3104,32
3105,35
3106,37
3107,36
3108,40
3109,36
3110,36
3111,36
3112,36
3113,34
3114,37
3115,36
3116,36
3117,35
3118,36
3119,33
3120,36
3121,36
3122,32
3123,36
3124,20
3125,31
3126,16
3127,20
3128,48
3129,31
3130,36
3131,35
3132,38
3133,37
3134,37
3135,43
3136,33
3137,36
3138,35
3139,36
3140,36
3141,34
3142,35
3143,31
3144,34
3145,36
3146,34
3147,35
3148,38
3149,36
3150,34
3151,31
3152,38
3153,36
3154,33
3155,34
3156,36
3157,36
3158,34
3159,35
3160,34
3161,36
3162,36
3163,36
3164,33
3165,36
3166,35
3167,32
3168,34
3169,36
3170,34
3171,32
3172,34
3173,33
3174,33
3175,36
3176,32
3177,32
3178,43
3179,36
3180,36
3181,29
3182,45
3183,44
3184,43
3185,36
3186,36
3187,34
3188,42
3189,44
3190,36
3191,36
3192,34
3193,35
3194,36
3195,34
3196,36
3197,34
3198,36
3199,34
3200,34
3201,34
3202,36
3203,37
3204,36
3205,32
3206,34
3207,37
3208,36
3209,37
3210,37
3211,36
3212,35
3213,34
3214,31
3215,34
3216,36
3217,32
3218,38
3219,34
3220,36
3221,36
3222,36
3223,36
3224,34
3225,37
3226,36
3227,35
3228,25
3229,56
3230,18
3231,42
3232,36
3233,36
3234,35
3235,36
3236,33
3237,36
3238,30
3239,33
3240,35
3241,32
3242,33
3243,41
3244,36
3245,33
3246,42
3247,33
3248,31
3249,32
3250,37
3251,36
3252,35
3253,36
3254,31
3255,36
3256,35
3257,30
3258,36
3259,44
3260,31
3261,34
3262,36
3263,36
3264,35
3265,35
3266,36
3267,34
3268,35
3269,34
3270,36
3271,36
3272,35
3273,36
3274,36
3275,35
3276,36
3277,34
3278,36
3279,36
3280,33
3281,35
3282,37
3283,36
3284,36
3285,36
3286,36
3287,34
3288,36
3289,33
3290,36
3291,33
3292,36
3293,36
3294,34
3295,35
3296,31
3297,35
3298,36
3299,34
3300,36
3301,36
3302,36
3303,36
3304,36
3305,36
3306,33
3307,34
3308,36
3309,36
3310,34
3311,36
3312,36
3313,36
3314,36
3315,36
3316,36
3317,34
3318,36
3319,36
3320,35
3321,36
3322,36
3323,36
3324,35
3325,34
3326,35
3327,36
3328,35
3329,36
3330,36
3331,35
3332,34
3333,36
3334,34
3335,36
3336,37
3337,36
3338,36
3339,36
3340,36
3341,35
3342,36
3343,35
3344,36
3345,32
3346,34
3347,35
3348,36
3349,31
3350,33
3351,36
3352,34
3353,36
3354,36
3355,36
3356,35
3357,36
3358,36
3359,36
3360,31
3361,36
3362,36
3363,36
3364,37
3365,31
3366,33
3367,36
3368,36
3369,36
3370,35
3371,36
3372,36
3373,34
3374,36
3375,36
3376,35
3377,36
3378,36
3379,34
3380,29
3381,36
3382,36
3383,35
3384,34
3385,36
3386,34
3387,33
3388,34
3389,35
3390,36
3391,36
3392,36
3393,36
3394,36
3395,36
3396,36
3397,34
3398,36
3399,36
3400,36
3401,36
3402,35
3403,33
3404,36
3405,36
3406,36
3407,36
3408,36
3409,36
3410,34
3411,36
3412,35
3413,36
3414,35
3415,35
3416,35
3417,36
3418,36
3419,34
3420,36
3421,33
3422,44
3423,77
3424,21
3425,31
3426,34
3427,36
3428,35
3429,34
3430,33
3431,36
3432,33
3433,31
3434,34
3435,36
3436,37
3437,31
3438,35
3439,31
3440,36
3441,37
3442,34
3443,38
3444,35
3445,42
3446,44
3447,37
3448,37
3449,34
3450,35
3451,34
3452,34
3453,34
3454,31
3455,36
3456,36
3457,35
3458,37
3459,44
3460,36
3461,33
3462,35
3463,36
3464,44
3465,36
3466,21
3467,37
3468,85
3469,20
3470,46
3471,46
3472,30
3473,34
3474,45
3475,36
3476,34
3477,37
3478,33
3479,34
3480,36
3481,33
3482,34
3483,32
3484,37
3485,35
3486,36
3487,33
3488,36
3489,38
3490,32
3491,36
3492,35
3493,33
3494,33
3495,32
3496,34
3497,33
3498,36
3499,34
3500,35
3501,37
3502,19
3503,44
3504,37
3505,34
3506,42
3507,39
3508,36
3509,32
3510,32
3511,40
3512,36
3513,36
3514,31
3515,34
3516,34
3517,37
3518,36
3519,33
3520,36
3521,34
3522,34
3523,36
3524,36
3525,37
3526,37
3527,38
3528,33
3529,36
3530,34
3531,36
3532,35
3533,42
3534,36
3535,33
3536,36
3537,30
3538,34
3539,34
3540,36
3541,33
3542,36
3543,35
3544,33
3545,35
3546,36
3547,32
3548,37
3549,36
3550,35
3551,33
3552,36
3553,31
3554,43
3555,37
3556,31
3557,31
3558,36
3559,34
3560,34
3561,34
3562,36
3563,34
3564,36
3565,36
3566,35
3567,34
3568,42
3569,32
3570,36
3571,35
3572,35
3573,36
3574,35
3575,34
3576,35
3577,36
3578,31
3579,36
3580,36
3581,35
3582,34
3583,31
3584,31
3585,36
3586,34
3587,36
3588,36
3589,36
3590,37
3591,34
3592,36
3593,34
3594,36
3595,36
3596,33
3597,36
3598,36
3599,33
3600,36
3601,35
3602,33
3603,19
3604,23
3605,35
3606,31
3607,51
3608,21
3609,25
3610,17
3611,35
3612,34
3613,31
3614,36
3615,35
3616,32
3617,36
3618,36
3619,33
3620,34
3621,36
3622,35
3623,36
3624,33
3625,37
3626,36
3627,35
3628,34
3629,35
3630,36
3631,36
3632,33
3633,35
3634,33
3635,33
3636,36
3637,30
3638,36
3639,36
3640,35
3641,36
3642,33
3643,34
3644,36
3645,33
3646,36
3647,34
3648,31
3649,34
3650,36
3651,32
3652,36
3653,30
3654,36
3655,36
3656,31
3657,34
3658,37
3659,35
3660,36
3661,33
3662,36
3663,34
3664,35
3665,36
3666,33
3667,34
3668,33
3669,36
3670,37
3671,48
3672,25
3673,18
3674,51
3675,36
3676,34
3677,36
3678,36
3679,36
3680,36
3681,36
3682,35
3683,35
3684,37
3685,36
3686,36
3687,33
3688,36
3689,33
3690,42
3691,34
3692,36
3693,36
3694,34
3695,35
3696,36
3697,36
3698,36
3699,35
3700,37
3701,33
3702,36
3703,45
3704,58
3705,27
3706,37
3707,36
3708,37
3709,34
3710,37
3711,34
3712,34
3713,36
3714,36
3715,33
3716,34
3717,36
3718,34
3719,35
3720,36
3721,34
3722,36
3723,35
3724,36
3725,36
3726,34
3727,34
3728,36
3729,33
3730,34
3731,33
3732,34
3733,36
3734,34
3735,36
3736,36
3737,36
3738,36
3739,33
3740,33
3741,34
3742,35
3743,36
3744,36
3745,36
3746,33
3747,35
3748,36
3749,43
3750,36
3751,31
3752,37
3753,36
3754,34
3755,36
3756,37
3757,35
3758,34
3759,37
3760,36
3761,36
3762,34
3763,37
3764,36
3765,36
3766,36
3767,36
3768,36
3769,36
3770,36
3771,36
3772,36
3773,36
3774,36
3775,36
3776,36
3777,34
3778,34
3779,31
3780,36
3781,36
3782,36
3783,34
3784,35
3785,35
3786,36
3787,36
3788,32
3789,34
3790,36
3791,36
3792,36
3793,32
3794,36
3795,34
3796,36
3797,36
3798,36
3799,37
3800,36
3801,36
3802,32
3803,33
3804,36
3805,36
3806,35
3807,36
3808,36
3809,34
3810,27
3811,39
3812,36
3813,35
3814,35
3815,36
3816,38
3817,33
3818,34
3819,36
3820,36
3821,36
3822,33
3823,34
3824,36
3825,29
3826,34
3827,34
3828,33
3829,37
3830,36
3831,33
3832,32
3833,36
3834,35
3835,34
3836,34
3837,35
3838,32
3839,44
3840,33
3841,36
3842,37
3843,38
3844,36
3845,36
3846,33
3847,36
3848,36
3849,36
3850,36
3851,36
3852,35
3853,34
3854,34
3855,34
3856,34
3857,42
3858,36
3859,32
3860,42
3861,36
3862,37
3863,36
3864,34
3865,32
3866,37
3867,36
3868,36
3869,36
3870,36
3871,36
3872,35
3873,36
3874,36
3875,34
3876,38
3877,35
3878,33
3879,35
3880,37
3881,37
3882,35
3883,38
3884,38
3885,34
3886,36
3887,33
3888,36
3889,36
3890,33
3891,36
3892,36
3893,36
3894,34
3895,35
3896,36
3897,36
3898,34
3899,33
3900,35
3901,35
3902,33
3903,36
3904,35
3905,36
3906,35
3907,34
3908,36
3909,35
3910,36
3911,35
3912,36
3913,36
3914,36
3915,36
3916,36
3917,31
3918,36
3919,34
3920,36
3921,36
3922,36
3923,36
3924,36
3925,36
3926,36
3927,37
3928,30
3929,35
3930,35
3931,36
3932,33
3933,35
3934,34
3935,35
3936,36
3937,35
3938,36
3939,31
3940,36
3941,35
3942,34
3943,31
3944,36
3945,36
3946,35
3947,36
3948,35
3949,36
3950,35
3951,36
3952,33
3953,36
3954,36
3955,35
3956,36
3957,33
3958,34
3959,36
3960,33
3961,36
3962,36
3963,33
3964,33
3965,36
3966,35
3967,36
3968,32
3969,36
3970,37
3971,32
3972,36
3973,35
3974,36
3975,33
3976,36
3977,36
3978,34
3979,36
3980,36
3981,33
3982,34
3983,36
3984,36
3985,36
3986,35
3987,36
3988,34
3989,36
3990,36
3991,33
3992,36
3993,34
3994,34
3995,36
3996,36
3997,35
3998,36
3999,35
4000,36
4001,34
4002,36
4003,31
4004,36
4005,36
4006,35
4007,36
4008,34
4009,36
4010,35
4011,36
4012,36
4013,37
4014,34
4015,33
4016,35
4017,34
4018,36
4019,36
4020,36
4021,34
4022,36
4023,36
4024,36
4025,31
4026,35
4027,36
4028,36
4029,36
4030,36
4031,36
4032,36
4033,36
4034,33
4035,31
4036,35
4037,35
4038,36
4039,32
4040,36
4041,36
4042,36
4043,36
4044,35
4045,36
4046,35
4047,36
4048,31
4049,36
4050,36
4051,36
4052,36
4053,31
4054,36
4055,36
4056,35
4057,33
4058,36
4059,36
4060,35
4061,36
4062,35
4063,36
4064,36
4065,36
4066,36
4067,34
4068,33
4069,36
4070,35
4071,36
4072,34
4073,36
4074,34
4075,36
4076,31
4077,35
4078,36
4079,35
4080,36
4081,35
4082,34
4083,36
4084,36
4085,45
4086,36
4087,51
4088,25
4089,42
4090,36
4091,36
4092,35
4093,35
4094,34
4095,34
4096,33
4097,34
4098,36
4099,36
4100,36
4101,36
4102,33
4103,34
4104,36
4105,34
4106,36
4107,37
4108,33
4109,34
4110,36
4111,36
4112,36
4113,35
4114,34
4115,36
4116,38
4117,26
4118,17
4119,44
4120,37
4121,36
4122,38
4123,33
4124,34
4125,33
4126,36
4127,36
4128,36
4129,35
4130,36
4131,33
4132,36
4133,36
4134,36
4135,35
4136,37
4137,36
4138,36
4139,34
4140,34
4141,38
4142,33
4143,37
4144,36
4145,36
4146,34
4147,36
4148,35
4149,34
4150,35
4151,36
4152,34
4153,36
4154,37
4155,24
4156,38
4157,17
4158,47
4159,36
4160,39
4161,36
4162,36
4163,35
4164,38
4165,33
4166,36
4167,43
4168,35
4169,34
4170,33
4171,35
4172,34
4173,35
4174,36
4175,36
4176,36
4177,31
4178,36
4179,36
4180,36
4181,36
4182,36
4183,33
4184,36
4185,36
4186,34
4187,36
4188,34
4189,37
4190,44
4191,16
4192,17
4193,14
4194,30
4195,27
4196,41
4197,36
4198,37
4199,36
4200,36
4201,37
4202,36
4203,35
4204,33
4205,37
4206,34
4207,42
4208,34
4209,34
4210,37
4211,36
4212,37
4213,36
4214,33
4215,36
4216,36
4217,37
4218,35
4219,35
4220,30
4221,37
4222,36
4223,37
4224,42
4225,37
4226,29
4227,36
4228,34
4229,33
4230,36
4231,36
4232,33
4233,36
4234,32
4235,35
4236,36
4237,38
4238,43
4239,34
4240,42
4241,36
4242,43
4243,37
4244,37
4245,36
4246,36
4247,33
4248,31
4249,35
4250,36
4251,33
4252,35
4253,36
4254,36
4255,35
4256,36
4257,36
4258,36
4259,36
4260,34
4261,35
4262,36
4263,35
4264,36
4265,36
4266,36
4267,31
4268,37
4269,36
4270,36
4271,36
4272,32
4273,36
4274,31
4275,36
4276,34
4277,36
4278,34
4279,35
4280,34
4281,33
4282,34
4283,36
4284,36
4285,33
4286,34
4287,33
4288,35
4289,36
4290,44
4291,36
4292,36
4293,36
4294,36
4295,34
4296,36
4297,36
4298,36
4299,35
4300,36
4301,35
4302,35
4303,35
4304,36
4305,34
4306,36
4307,36
4308,36
4309,36
4310,35
4311,35
4312,35
4313,36
4314,35
4315,36
4316,35
4317,35
4318,36
4319,36
4320,35
4321,31
4322,35
4323,36
4324,35
4325,36
4326,32
4327,40
4328,38
4329,49
4330,31
4331,36
4332,33
4333,40
4334,35
4335,31
4336,36
4337,34
4338,34
4339,36
4340,33
4341,36
4342,35
4343,37
4344,44
4345,31
4346,36
4347,36
4348,34
4349,35
4350,33
4351,37
4352,38
4353,36
4354,35
4355,35
4356,36
4357,42
4358,36
4359,36
4360,35
4361,37
4362,33
4363,37
4364,36
4365,36
4366,36
4367,36
4368,36
4369,36
4370,35
4371,36
4372,37
4373,34
4374,33
4375,36
4376,36
4377,36
4378,36
4379,36
4380,33
4381,35
4382,35
4383,31
4384,35
4385,34
4386,35
4387,34
4388,35
4389,38
4390,35
4391,34
4392,35
4393,36
4394,36
4395,36
4396,38
4397,34
4398,36
4399,35
4400,33
4401,33
4402,36
4403,35
4404,34
4405,33
4406,35
4407,35
4408,33
4409,36
4410,37
4411,31
4412,36
4413,35
4414,36
4415,35
4416,35
4417,35
4418,36
4419,36
4420,36
4421,31
4422,34
4423,36
4424,34
4425,36
4426,35
4427,36
4428,32
4429,40
4430,45
4431,20
4432,42
4433,35
4434,35
4435,36
4436,37
4437,33
4438,37
4439,44
4440,35
4441,42
4442,36
4443,33
4444,38
4445,36
4446,36
4447,34
4448,33
4449,43
4450,34
4451,44
4452,36
4453,35
4454,34
4455,35
4456,36
4457,36
4458,36
4459,35
4460,36
4461,35
4462,35
4463,46
4464,36
4465,36
4466,36
4467,33
4468,31
4469,35
4470,36
4471,35
4472,36
4473,35
4474,38
4475,36
4476,36
4477,35
4478,36
4479,37
4480,35
4481,37
4482,31
4483,34
4484,34
4485,36
4486,33
4487,34
4488,37
4489,35
4490,36
4491,36
4492,35
4493,36
4494,41
4495,49
4496,21
4497,36
4498,36
4499,33
4500,34
4501,39
4502,36
4503,41
4504,43
4505,37
4506,35
4507,36
4508,36
4509,37
4510,39
4511,36
4512,43
4513,37
4514,36
4515,37
4516,36
4517,36
4518,36
4519,37
4520,38
4521,36
4522,35
4523,31
4524,36
4525,36
4526,33
4527,34
4528,35
4529,36
4530,30
4531,43
4532,48
4533,48
4534,48
4535,35
4536,31
4537,42
4538,49
4539,34
4540,30
4541,48
4542,34
4543,48
4544,34
4545,47
4546,36
4547,36
4548,36
4549,36
4550,33
4551,35
4552,34
4553,36
4554,36
4555,35
4556,36
4557,36
4558,36
4559,35
4560,34
4561,35
4562,36
4563,36
4564,35
4565,35
4566,36
4567,33
4568,36
4569,35
4570,42
4571,36
4572,35
4573,35
4574,33
4575,35
4576,36
4577,34
4578,34
4579,36
4580,36
4581,36
4582,36
4583,31
4584,36
4585,31
4586,35
4587,36
4588,32
4589,36
4590,35
4591,33
4592,36
4593,36
4594,36
4595,31
4596,35
4597,36
4598,36
4599,36
4600,34
4601,30
4602,35
4603,30
4604,36
4605,36
4606,34
4607,36
4608,36
4609,35
4610,36
4611,35
4612,33
4613,32
4614,36
4615,36
4616,36
4617,36
4618,35
4619,36
4620,35
4621,38
4622,51
4623,25
4624,25
4625,36
4626,36
4627,36
4628,35
4629,34
4630,35
4631,36
4632,36
4633,37
4634,37
4635,34
4636,33
4637,37
4638,36
4639,37
4640,30
4641,37
4642,35
4643,36
4644,36
4645,33
4646,34
4647,29
4648,36
4649,37
4650,36
4651,36
4652,35
4653,34
4654,36
4655,36
4656,36
4657,36
4658,33
4659,36
4660,35
4661,32
4662,34
4663,36
4664,35
4665,36
4666,35
4667,36
4668,34
4669,34
4670,34
4671,36
4672,36
4673,35
4674,36
4675,34
4676,36
4677,36
4678,36
4679,36
4680,37
4681,37
4682,34
4683,36
4684,34
4685,36
4686,34
4687,34
4688,34
4689,33
4690,42
4691,36
4692,35
4693,35
4694,36
4695,34
4696,36
4697,35
4698,32
4699,33
4700,42
4701,43
4702,36
4703,36
4704,33
4705,36
4706,36
4707,33
4708,34
4709,36
4710,34
4711,35
4712,35
4713,36
4714,31
4715,36
4716,36
4717,35
4718,35
4719,34
4720,35
4721,33
4722,36
4723,35
4724,34
4725,35
4726,35
4727,33
4728,34
4729,36
4730,33
4731,36
4732,36
4733,33
4734,36
4735,34
4736,33
4737,36
4738,36
4739,31
4740,36
4741,36
4742,30
4743,36
4744,36
4745,33
4746,35
4747,34
4748,35
4749,36
4750,33
4751,34
4752,37
4753,36
4754,36
4755,34
4756,35
4757,32
4758,35
4759,36
4760,34
4761,36
4762,36
4763,34
4764,42
4765,35
4766,34
4767,33
4768,36
4769,35
4770,34
4771,31
4772,36
4773,33
4774,34
4775,35
4776,35
4777,36
4778,35
4779,35
4780,35
4781,35
4782,33
4783,35
4784,32
4785,34
4786,35
4787,34
4788,33
4789,36
4790,33
4791,33
4792,36
4793,36
4794,35
4795,36
4796,33
4797,33
4798,36
4799,35
4800,36
4801,33
4802,36
4803,36
4804,33
4805,37
4806,36
4807,35
4808,58
4809,81
4810,18
4811,42
4812,32
4813,35
4814,34
4815,32
4816,33
4817,36
4818,34
4819,33
4820,36
4821,38
4822,36
4823,25
4824,31
4825,33
4826,20
4827,20
4828,23
4829,28
4830,23
4831,40
4832,35
4833,35
4834,35
4835,36
4836,33
4837,36
4838,34
4839,31
4840,35
4841,32
4842,43
4843,36
4844,35
4845,34
4846,36
4847,36
4848,33
4849,36
4850,35
4851,36
4852,31
4853,34
4854,38
4855,33
4856,35
4857,43
4858,34
4859,35
4860,33
4861,34
4862,33
4863,37
4864,34
4865,35
4866,34
4867,36
4868,34
4869,35
4870,34
4871,33
4872,36
4873,35
4874,37
4875,33
4876,36
4877,35
4878,35
4879,34
4880,35
4881,34
4882,33
4883,42
4884,36
4885,33
4886,35
4887,35
4888,33
4889,36
4890,36
4891,34
4892,36
4893,36
4894,33
4895,34
4896,35
4897,33
4898,34
4899,36
4900,36
4901,33
4902,36
4903,36
4904,36
4905,36
4906,36
4907,36
4908,35
4909,34
4910,33
4911,33
4912,34
4913,42
4914,36
4915,36
4916,37
4917,35
4918,33
4919,36
4920,35
4921,36
4922,42
4923,35
4924,34
4925,35
4926,36
4927,35
4928,33
4929,33
4930,34
4931,33
4932,36
4933,33
4934,45
4935,34
4936,34
4937,35
4938,36
4939,33
4940,36
4941,35
4942,31
4943,35
4944,34
4945,34
4946,34
4947,35
4948,36
4949,34
4950,36
4951,36
4952,35
4953,34
4954,31
4955,36
4956,36
4957,35
4958,36
4959,35
4960,36
4961,35
4962,36
4963,37
4964,36
4965,35
4966,34
4967,35
4968,36
4969,34
4970,40
4971,36
4972,34
4973,34
4974,36
4975,35
4976,34
4977,35
4978,34
4979,34
4980,30
4981,37
4982,36
4983,31
4984,37
4985,36
4986,35
4987,36
4988,35
4989,36
4990,35
4991,36
4992,33
4993,36
4994,35
4995,36
4996,36
4997,36
4998,35
4999,36
5000,35
5001,34
5002,33
5003,36
5004,36
5005,33
5006,34
5007,33
5008,34
5009,34
5010,34
5011,36
5012,30
5013,34
5014,35
5015,36
5016,35
5017,32
5018,35
5019,36
5020,35
5021,34
5022,35
5023,36
5024,35
5025,34
5026,36
5027,36
5028,34
5029,33
5030,33
5031,36
5032,34
5033,36
5034,36
5035,34
5036,36
5037,35
5038,35
5039,30
5040,36
5041,34
5042,33
5043,36
5044,35
5045,35
5046,31
5047,31
5048,36
5049,35
5050,36
5051,34
5052,36
5053,34
5054,35
5055,36
5056,35
5057,36
5058,34
5059,34
5060,36
5061,34
5062,36
5063,33
5064,36
5065,31
5066,34
5067,36
5068,34
5069,36
5070,36
5071,34
5072,42
5073,36
5074,36
5075,35
5076,35
5077,36
5078,36
5079,35
5080,32
5081,35
5082,35
5083,35
5084,36
5085,33
5086,34
5087,32
5088,36
5089,36
5090,35
5091,36
5092,34
5093,36
5094,35
5095,36
5096,35
5097,37
5098,35
5099,36
5100,36
5101,36
5102,35
5103,36
5104,35
5105,36
5106,35
5107,34
5108,34
5109,36
5110,36
5111,32
5112,36
5113,36
5114,33
5115,36
5116,36
5117,33
5118,36
5119,36
5120,36
5121,36
5122,35
5123,36
5124,35
5125,36
5126,35
5127,34
5128,35
5129,34
5130,33
5131,36
5132,33
5133,36
5134,36
5135,35
5136,36
5137,35
5138,36
5139,35
5140,36
5141,35
5142,35
5143,33
5144,34
5145,36
5146,36
5147,34
5148,36
5149,36
5150,34
5151,34
5152,35
5153,34
5154,34
5155,35
5156,32
5157,44
5158,36
5159,41
5160,43
5161,13
5162,10
5163,16
5164,37
5165,46
5166,36
5167,36
5168,42
5169,36
5170,33
5171,36
5172,35
5173,36
5174,36
5175,33
5176,36
5177,34
5178,36
5179,34
5180,35
5181,36
5182,34
5183,36
5184,36
5185,35
5186,42
5187,36
5188,35
5189,36
5190,36
5191,36
5192,36
5193,32
5194,36
5195,36
5196,38
5197,36
5198,36
5199,36
5200,34
5201,33
5202,36
5203,36
5204,34
5205,33
5206,36
5207,35
5208,36
5209,30
5210,36
5211,36
5212,32
5213,36
5214,33
5215,35
5216,34
5217,34
5218,36
5219,34
5220,35
5221,36
5222,35
5223,36
5224,42
5225,33
5226,36
5227,31
5228,35
5229,36
5230,33
5231,36
5232,36
5233,36
5234,35
5235,36
5236,33
5237,35
5238,34
5239,36
5240,33
5241,35
5242,35
5243,35
5244,36
5245,36
5246,34
5247,34
5248,36
5249,36
5250,36
5251,35
5252,36
5253,36
5254,36
5255,36
5256,34
5257,35
5258,35
5259,35
5260,35
5261,36
5262,36
5263,36
5264,42
5265,36
5266,35
5267,35
5268,36
5269,36
5270,35
5271,36
5272,35
5273,36
5274,34
5275,42
5276,77
5277,16
5278,37
5279,39
5280,36
5281,37
5282,35
5283,32
5284,33
5285,33
5286,37
5287,34
5288,36
5289,36
5290,36
5291,33
5292,42
5293,36
5294,34
5295,36
5296,36
5297,35
5298,42
5299,37
5300,33
5301,36
5302,36
5303,36
5304,33
5305,35
5306,36
5307,33
5308,36
5309,45
5310,36
5311,36
5312,36
5313,35
5314,34
5315,36
5316,36
5317,37
5318,36
5319,37
5320,35
5321,33
5322,35
5323,36
5324,33
5325,36
5326,34
5327,32
5328,37
5329,36
5330,36
5331,37
5332,36
5333,33
5334,35
5335,36
5336,42
5337,34
5338,35
5339,33
5340,36
5341,35
5342,36
5343,36
5344,36
5345,36
5346,34
5347,36
5348,36
5349,35
5350,36
5351,36
5352,36
5353,35
5354,37
5355,36
5356,36
5357,36
5358,36
5359,36
5360,33
5361,33
5362,32
5363,36
5364,38
5365,34
5366,36
5367,34
5368,37
5369,35
5370,37
5371,38
5372,39
5373,35
5374,36
5375,38
5376,32
5377,34
5378,37
5379,38
5380,34
5381,51
5382,45
5383,36
5384,33
5385,34
5386,36
5387,35
5388,36
5389,38
5390,36
5391,37
5392,36
5393,34
5394,36
5395,37
5396,34
5397,34
5398,33
5399,36
5400,34
5401,36
5402,36
5403,36
5404,36
5405,32
5406,37
5407,32
5408,36
5409,37
5410,37
5411,33
5412,36
5413,32
5414,35
5415,36
5416,36
5417,33
5418,30
5419,33
5420,31
5421,36
5422,34
5423,36
5424,34
5425,36
5426,36
5427,30
5428,35
5429,36
5430,36
5431,35
5432,36
5433,36
5434,36
5435,37
5436,34
5437,37
5438,50
5439,36
5440,35
5441,36
5442,36
5443,37
5444,30
5445,37
5446,37
5447,36
5448,36
5449,36
5450,35
5451,32
5452,33
5453,34
5454,36
5455,36
5456,36
5457,36
5458,32
5459,36
5460,35
5461,36
5462,35
5463,35
5464,34
5465,36
5466,32
5467,35
5468,22
5469,55
5470,21
5471,36
5472,36
5473,35
5474,36
5475,30
5476,36
5477,37
5478,31
5479,36
5480,37
5481,34
5482,36
5483,35
5484,36
5485,36
5486,34
5487,32
5488,34
5489,33
5490,31
5491,38
5492,35
5493,35
5494,37
5495,30
5496,32
5497,36
5498,36
5499,35
5500,35
5501,36
5502,36
5503,36
5504,35
5505,36
5506,36
5507,35
5508,35
5509,36
5510,33
5511,38
5512,35
5513,43
5514,44
5515,36
5516,36
5517,41
5518,36
5519,49
5520,31
5521,38
5522,36
5523,36
5524,38
5525,31
5526,37
5527,34
5528,38
5529,43
5530,30
5531,33
5532,34
5533,34
5534,34
5535,34
5536,33
5537,35
5538,35
5539,36
5540,34
5541,34
5542,36
5543,42
5544,36
5545,36
5546,36
5547,35
5548,34
5549,29
5550,35
5551,34
5552,36
5553,36
5554,35
5555,35
5556,31
5557,34
5558,33
5559,37
5560,34
5561,37
5562,38
5563,36
5564,36
5565,35
5566,36
5567,36
5568,33
5569,35
5570,36
5571,40
5572,10
5573,32
5574,33
5575,38
5576,33
5577,34
5578,36
5579,33
5580,36
5581,36
5582,34
5583,34
5584,33
5585,36
5586,36
5587,35
5588,35
5589,32
5590,36
5591,36
5592,34
5593,34
5594,36
5595,35
5596,35
5597,35
5598,33
5599,36
5600,34
5601,35
5602,34
5603,37
5604,33
5605,36
5606,36
5607,36
5608,35
5609,33
5610,35
5611,36
5612,36
5613,36
5614,32
5615,38
5616,47
5617,36
5618,35
5619,35
5620,36
5621,34
5622,35
5623,32
5624,35
5625,36
5626,35
5627,34
5628,36
5629,36
5630,35
5631,34
5632,34
5633,42
5634,33
5635,35
5636,36
5637,35
5638,36
5639,38
5640,36
5641,51
5642,26
5643,38
5644,36
5645,33
5646,36
5647,36
5648,36
5649,37
5650,33
5651,35
5652,35
5653,34
5654,33
5655,34
5656,32
5657,36
5658,36
5659,36
5660,35
5661,32
5662,35
5663,36
5664,36
5665,34
5666,36
5667,35
5668,34
5669,34
5670,32
5671,42
5672,36
5673,36
5674,35
5675,36
5676,35
5677,36
5678,35
5679,36
5680,35
5681,36
5682,35
5683,35
5684,34
5685,36
5686,36
5687,33
5688,36
5689,36
5690,36
5691,34
5692,34
5693,35
5694,35
5695,35
5696,44
5697,36
5698,22
5699,23
5700,34
5701,36
5702,33
5703,36
5704,37
5705,37
5706,36
5707,34
5708,37
5709,34
5710,36
5711,36
5712,36
5713,36
5714,37
5715,36
5716,33
5717,34
5718,33
5719,36
5720,36
5721,36
5722,36
5723,35
5724,36
5725,36
5726,42
5727,34
5728,36
5729,36
5730,42
5731,35
5732,36
5733,36
5734,34
5735,33
5736,36
5737,35
5738,35
5739,36
5740,36
5741,36
5742,18
5743,20
5744,44
5745,36
5746,36
5747,35
5748,36
5749,31
5750,42
5751,36
5752,36
5753,42
5754,35
5755,35
5756,35
5757,36
5758,36
5759,36
5760,35
5761,36
5762,33
5763,34
5764,35
5765,33
5766,34
5767,36
5768,33
5769,33
5770,35
5771,35
5772,36
5773,35
5774,33
5775,38
5776,33
5777,36
5778,34
5779,36
5780,35
5781,36
5782,33
5783,36
5784,32
5785,35
5786,36
5787,35
5788,34
5789,36
5790,35
5791,34
5792,35
5793,31
5794,34
5795,36
5796,36
5797,34
5798,36
5799,36
5800,34
5801,36
5802,35
5803,31
5804,35
5805,36
5806,33
5807,36
5808,33
5809,35
5810,35
5811,35
5812,35
5813,35
5814,36
5815,34
5816,35
5817,34
5818,36
5819,37
5820,32
5821,34
5822,37
5823,35
5824,33
5825,32
5826,34
5827,33
5828,36
5829,34
5830,33
5831,36
5832,33
5833,32
5834,36
5835,36
5836,35
5837,36
5838,32
5839,36
5840,36
5841,33
5842,34
5843,36
5844,33
5845,42
5846,36
5847,36
5848,34
5849,35
5850,35
5851,36
5852,33
5853,36
5854,36
5855,33
5856,37
5857,23
5858,14
5859,11
5860,40
5861,33
5862,44
5863,25
5864,25
5865,42
5866,45
5867,36
5868,36
5869,33
5870,54
5871,36
5872,32
5873,36
5874,36
5875,36
5876,36
5877,34
5878,33
5879,35
5880,35
5881,34
5882,36
5883,36
5884,42
5885,33
5886,36
5887,32
5888,36
5889,36
5890,36
5891,33
5892,36
5893,36
5894,36
5895,36
5896,34
5897,34
5898,36
5899,35
5900,36
5901,36
5902,36
5903,34
5904,36
5905,38
5906,36
5907,34
5908,35
5909,34
5910,34
5911,36
5912,36
5913,36
5914,36
5915,36
5916,36
5917,34
5918,36
5919,36
5920,35
5921,36
5922,36
5923,36
5924,36
5925,36
5926,35
5927,31
5928,33
5929,34
5930,33
5931,35
5932,32
5933,36
5934,36
5935,36
5936,36
5937,33
5938,36
5939,36
5940,36
5941,39
5942,35
5943,36
5944,33
5945,36
5946,33
5947,36
5948,35
5949,36
5950,33
5951,36
5952,35
5953,36
5954,35
5955,42
5956,37
5957,35
5958,34
5959,33
5960,35
5961,35
5962,35
5963,33
5964,34
5965,35
5966,36
5967,35
5968,36
5969,35
5970,36
5971,31
5972,35
5973,36
5974,35
5975,35
5976,35
5977,35
5978,35
5979,36
5980,35
5981,35
5982,33
5983,36
5984,35
5985,36
5986,36
5987,34
5988,36
5989,34
5990,33
5991,34
5992,35
5993,34
5994,33
5995,36
5996,36
5997,37
5998,41
5999,21
6000,24
6001,21
6002,36
6003,39
6004,33
6005,34
6006,31
6007,33
6008,33
6009,36
6010,33
6011,39
6012,20
6013,46
6014,42
6015,38
6016,59
6017,48
6018,34
6019,15
6020,42
6021,35
6022,19
6023,15
6024,32
6025,16
6026,49
6027,21
6028,50
6029,49
6030,52
6031,32
6032,46
6033,27
6034,19
6035,41
6036,19
6037,21
6038,29
6039,36
6040,36
6041,35
6042,36
6043,36
6044,36
6045,33
6046,36
6047,36
6048,35
6049,36
6050,33
6051,36
6052,36
6053,36
6054,36
6055,35
6056,36
6057,36
6058,36
6059,35
6060,33
6061,36
6062,36
6063,35
6064,36
6065,35
6066,36
6067,35
6068,36
6069,35
6070,36
6071,35
6072,36
6073,36
6074,36
6075,36
6076,36
6077,33
6078,46
6079,30
6080,30
6081,29
6082,33
6083,36
6084,33
6085,53
6086,16
6087,50
6088,28
6089,30
6090,37
6091,33
6092,19
6093,41
6094,26
6095,44
6096,29
6097,24
6098,25
6099,38
6100,36
6101,36
6102,37
6103,35
6104,32
6105,36
6106,36
6107,36
6108,33
6109,36
6110,35
6111,38
6112,19
6113,45
6114,18
6115,25
6116,37
6117,39
6118,16
6119,49
6120,32
6121,36
6122,46
6123,41
6124,44
6125,74
6126,51
6127,21
6128,17
6129,56
6130,40
6131,26
6132,49
6133,22
6134,22
6135,35
6136,18
6137,33
6138,29
6139,35
6140,23
6141,48
6142,36
6143,36
6144,43
6145,34
6146,36
6147,36
6148,44
6149,33
6150,36
6151,35
6152,37
6153,36
6154,38
6155,36
6156,36
6157,33
6158,36
6159,36
6160,36
6161,36
6162,37
6163,45
6164,38
6165,35
6166,35
6167,35
6168,35
6169,33
6170,35
6171,36
6172,35
6173,34
6174,36
6175,33
6176,34
6177,36
6178,35
6179,44
6180,36
6181,36
6182,39
6183,38
6184,43
6185,33
6186,37
6187,36
6188,34
6189,36
6190,36
6191,32
6192,35
6193,35
6194,37
6195,31
6196,37
6197,35
6198,33
6199,34
6200,32
6201,31
6202,34
6203,36
6204,36
6205,37
6206,40
6207,25
6208,42
6209,36
6210,36
6211,36
6212,37
6213,33
6214,35
6215,33
6216,37
6217,35
6218,36
6219,36
6220,35
6221,33
6222,34
6223,36
6224,41
6225,23
6226,30
6227,35
6228,35
6229,32
6230,37
6231,33
6232,34
6233,36
6234,31
6235,36
6236,37
6237,35
6238,34
6239,35
6240,28
6241,36
6242,35
6243,36
6244,33
6245,36
6246,36
6247,35
6248,34
6249,37
6250,35
6251,33
6252,34
6253,36
6254,36
6255,34
6256,36
6257,36
6258,33
6259,31
6260,35
6261,48
6262,22
6263,39
6264,12
6265,37
6266,21
6267,31
6268,59
6269,20
6270,20
6271,29
6272,22
6273,25
6274,29
6275,41
6276,18
6277,43
6278,20
6279,19
6280,48
6281,27
6282,29
6283,35
6284,35
6285,39
6286,35
6287,35
6288,36
6289,34
6290,36
6291,33
6292,36
6293,37
6294,31
6295,37
6296,42
6297,34
6298,33
6299,34
6300,33
6301,42
6302,43
6303,42
6304,37
6305,38
6306,36
6307,36
6308,36
6309,34
6310,33
6311,34
6312,33
6313,53
6314,21
6315,21
6316,22
6317,33
6318,25
6319,35
6320,36
6321,36
6322,36
6323,49
6324,36
6325,42
6326,36
6327,33
6328,35
6329,39
6330,43
6331,50
6332,31
6333,36
6334,31
6335,35
6336,34
6337,42
6338,37
6339,38
6340,33
6341,38
6342,34
6343,36
6344,34
6345,36
6346,33
6347,31
6348,38
6349,34
6350,33
6351,37
6352,36
6353,35
6354,36
6355,36
6356,37
6357,32
6358,34
6359,34
6360,34
6361,34
6362,34
6363,36
6364,36
6365,31
6366,34
6367,34
6368,36
6369,38
6370,34
6371,34
6372,42
6373,33
6374,45
6375,36
6376,34
6377,36
6378,35
6379,35
6380,33
6381,35
6382,34
6383,37
6384,36
6385,39
6386,36
6387,30
6388,36
6389,33
6390,35
6391,34
6392,35
6393,36
6394,35
6395,34
6396,36
6397,36
6398,35
6399,35
6400,40
6401,21
6402,26
6403,25
6404,34
6405,36
6406,33
6407,34
6408,31
6409,36
6410,36
6411,34
6412,37
6413,33
6414,33
6415,36
6416,36
6417,32
6418,48
6419,56
6420,17
6421,46
6422,36
6423,33
6424,33
6425,37
6426,39
6427,35
6428,34
6429,44
6430,48
6431,33
6432,26
6433,33
6434,36
6435,34
6436,35
6437,33
6438,33
6439,29
6440,36
6441,36
6442,34
6443,37
6444,32
6445,34
6446,31
6447,37
6448,51
6449,23
6450,36
6451,18
6452,36
6453,38
6454,36
6455,36
6456,36
6457,37
6458,35
6459,33
6460,37
6461,36
6462,33
6463,35
6464,34
6465,33
6466,38
6467,36
6468,33
6469,35
6470,43
6471,31
6472,36
6473,36
6474,36
6475,36
6476,33
6477,34
6478,32
6479,36
6480,35
6481,33
6482,36
6483,45
6484,44
6485,45
6486,33
6487,37
6488,33
6489,34
6490,34
6491,34
6492,31
6493,38
6494,34
6495,35
6496,37
6497,35
6498,25
6499,33
6500,33
6501,32
6502,36
6503,35
6504,33
6505,34
6506,33
6507,36
6508,35
6509,31
6510,36
6511,36
6512,32
6513,36
6514,35
6515,36
6516,36
6517,36
6518,37
6519,29
6520,16
6521,57
6522,18
6523,20
6524,26
6525,26
6526,34
6527,44
6528,36
6529,35
6530,36
6531,35
6532,37
6533,35
6534,36
6535,35
6536,34
6537,35
6538,35
6539,35
6540,36
6541,36
6542,34
6543,31
6544,36
6545,36
6546,36
6547,34
6548,35
6549,33
6550,35
6551,37
6552,36
6553,34
6554,35
6555,33
6556,35
6557,33
6558,34
6559,35
6560,32
6561,33
6562,36
6563,33
6564,34
6565,41
6566,34
6567,34
6568,33
6569,33
6570,34
6571,35
6572,36
6573,34
6574,35
6575,33
6576,37
6577,35
6578,32
6579,32
6580,35
6581,32
6582,33
6583,35
6584,36
6585,35
6586,36
6587,35
6588,36
6589,36
6590,33
6591,36
6592,36
6593,31
6594,34
6595,36
6596,35
6597,36
6598,27
6599,44
6600,20
6601,37
6602,35
6603,36
6604,42
6605,32
6606,37
6607,37
6608,35
6609,36
6610,33
6611,37
6612,36
6613,37
6614,33
6615,36
6616,33
6617,32
6618,31
6619,35
6620,36
6621,35
6622,36
6623,36
6624,34
6625,36
6626,32
6627,34
6628,32
6629,34
6630,35
6631,36
6632,33
6633,36
6634,36
6635,37
6636,35
6637,36
6638,34
6639,34
6640,31
6641,38
6642,35
6643,40
6644,36
6645,31
6646,34
6647,36
6648,35
6649,35
6650,34
6651,36
6652,34
6653,34
6654,37
6655,36
6656,35
6657,36
6658,34
6659,35
6660,34
6661,34
6662,36
6663,39
6664,36
6665,36
6666,33
6667,38
6668,31
6669,37
6670,34
6671,33
6672,35
6673,31
6674,36
6675,36
6676,36
6677,34
6678,38
6679,33
6680,36
6681,34
6682,33
6683,34
6684,35
6685,44
6686,36
6687,34
6688,34
6689,36
6690,34
6691,36
6692,32
6693,35
6694,39
6695,36
6696,20
6697,30
6698,34
6699,40
6700,35
6701,36
6702,35
6703,34
6704,36
6705,32
6706,33
6707,34
6708,36
6709,36
6710,37
6711,31
6712,36
6713,35
6714,38
6715,36
6716,33
6717,34
6718,36
6719,34
6720,36
6721,36
6722,33
6723,35
6724,37
6725,36
6726,42
6727,34
6728,35
6729,36
6730,34
6731,42
6732,32
6733,36
6734,35
6735,36
6736,42
6737,32
6738,42
6739,36
6740,19
6741,38
6742,43
6743,36
6744,38
6745,28
6746,18
6747,31
6748,37
6749,42
6750,43
6751,37
6752,35
6753,42
6754,34
6755,35
6756,34
6757,25
6758,42
6759,36
6760,32
6761,33
6762,37
6763,35
6764,37
6765,36
6766,38
6767,35
6768,33
6769,36
6770,36
6771,36
6772,45
6773,36
6774,39
6775,45
6776,36
6777,36
6778,32
6779,43
6780,36
6781,34
6782,36
6783,36
6784,34
6785,36
6786,36
6787,31
6788,36
6789,34
6790,33
6791,33
6792,36
6793,35
6794,36
6795,36
6796,30
6797,34
6798,36
6799,33
6800,34
6801,36
6802,34
6803,36
6804,36
6805,35
6806,33
6807,35
6808,35
6809,36
6810,42
6811,36
6812,34
6813,35
6814,36
6815,32
6816,31
6817,36
6818,41
6819,35
6820,36
6821,36
6822,34
6823,36
6824,33
6825,31
6826,36
6827,34
6828,35
6829,36
6830,31
6831,36
6832,36
6833,35
6834,36
6835,33
6836,36
6837,31
6838,44
6839,56
6840,19
6841,35
6842,36
6843,36
6844,42
6845,34
6846,34
6847,34
6848,35
6849,31
6850,32
6851,36
6852,35
6853,36
6854,33
6855,35
6856,36
6857,36
6858,32
6859,36
6860,36
6861,35
6862,37
6863,34
6864,35
6865,38
6866,29
6867,30
6868,17
6869,20
6870,22
6871,49
6872,39
6873,36
6874,35
6875,37
6876,34
6877,42
6878,34
6879,36
6880,34
6881,42
6882,37
6883,34
6884,35
6885,30
6886,33
6887,34
6888,35
6889,35
6890,37
6891,35
6892,32
6893,34
6894,42
6895,35
6896,30
6897,42
6898,36
6899,34
6900,35
6901,34
6902,33
6903,36
6904,33
6905,35
6906,37
6907,37
6908,29
6909,35
6910,32
6911,22
6912,41
6913,38
6914,35
6915,35
6916,33
6917,37
6918,36
6919,33
6920,36
6921,35
6922,35
6923,33
6924,35
6925,32
6926,31
6927,31
6928,33
6929,35
6930,35
6931,33
6932,36
6933,34
6934,34
6935,36
6936,34
6937,36
6938,36
6939,33
6940,36
6941,33
6942,36
6943,35
6944,33
6945,34
6946,34
6947,36
6948,36
6949,36
6950,36
6951,31
6952,31
6953,36
6954,32
6955,37
6956,30
6957,35
6958,37
6959,35
6960,34
6961,34
6962,46
6963,34
6964,36
6965,31
6966,35
6967,36
6968,32
6969,35
6970,36
6971,33
6972,36
6973,36
6974,32
6975,42
6976,42
6977,36
6978,36
6979,34
6980,33
6981,33
6982,36
6983,34
6984,33
6985,36
6986,33
6987,36
6988,34
6989,35
6990,36
6991,35
6992,31
6993,34
6994,36
6995,36
6996,37
6997,42
6998,35
6999,37
7000,34
7001,36
7002,31
7003,36
7004,27
7005,29
7006,36
7007,35
7008,32
7009,37
7010,31
7011,19
7012,36
7013,25
7014,35
7015,36
7016,44
7017,17
7018,14
7019,34
7020,36
7021,31
7022,35
7023,36
7024,30
7025,36
7026,33
7027,34
7028,33
7029,35
7030,36
7031,34
7032,36
7033,26
7034,33
7035,35
7036,35
7037,36
7038,35
7039,37
7040,36
7041,36
7042,36
7043,35
7044,36
7045,35
7046,36
7047,33
7048,36
7049,35
7050,38
7051,35
7052,34
7053,33
7054,34
7055,33
7056,34
7057,36
7058,36
7059,35
7060,33
7061,35
7062,31
7063,33
7064,36
7065,36
7066,36
7067,34
7068,35
7069,34
7070,35
7071,34
7072,35
7073,36
7074,35
7075,32
7076,35
7077,34
7078,32
7079,36
7080,34
7081,32
7082,45
7083,36
7084,34
7085,34
7086,36
7087,40
7088,45
7089,48
7090,42
7091,32
7092,34
7093,31
7094,37
7095,35
7096,33
7097,34
7098,36
7099,35
7100,32
7101,36
7102,34
7103,34
7104,31
7105,39
7106,35
7107,36
7108,35
7109,36
7110,35
7111,36
7112,36
7113,33
7114,31
7115,36
7116,36
7117,36
7118,36
7119,36
7120,36
7121,33
7122,36
7123,33
7124,36
7125,31
7126,33
7127,34
7128,32
7129,34
7130,36
7131,34
7132,38
7133,39
7134,38
7135,35
7136,35
7137,35
7138,37
7139,41
7140,34
7141,37
7142,32
7143,34
7144,32
7145,35
7146,42
7147,36
7148,32
7149,36
7150,34
7151,33
7152,36
7153,35
7154,34
7155,36
7156,36
7157,35
7158,34
7159,36
7160,42
7161,35
7162,35
7163,34
7164,31
7165,36
7166,34
7167,35
7168,36
7169,35
7170,34
7171,33
7172,33
7173,36
7174,33
7175,32
7176,35
7177,33
7178,36
7179,35
7180,36
7181,34
7182,33
7183,36
7184,34
7185,36
7186,35
7187,37
7188,32
7189,36
7190,36
7191,35
7192,34
7193,36
7194,36
7195,36
7196,36
7197,35
7198,36
7199,33
7200,31
7201,35
7202,34
7203,36
7204,36
7205,33
7206,20
7207,18
7208,19
7209,61
7210,36
7211,36
7212,38
7213,36
7214,36
7215,33
7216,31
7217,34
7218,37
7219,33
7220,34
7221,36
7222,34
7223,33
7224,33
7225,36
7226,35
7227,35
7228,34
7229,33
7230,33
7231,36
7232,37
7233,34
7234,35
7235,34
7236,34
7237,34
7238,35
7239,33
7240,36
7241,36
7242,34
7243,35
7244,37
7245,35
7246,33
7247,34
7248,36
7249,33
7250,32
7251,34
7252,34
7253,36
7254,36
7255,35
7256,36
7257,34
7258,37
7259,34
7260,35
7261,34
7262,35
7263,36
7264,34
7265,31
7266,31
7267,33
7268,34
7269,35
7270,36
7271,32
7272,32
7273,36
7274,31
7275,35
7276,36
7277,31
7278,34
7279,34
7280,33
7281,33
7282,33
7283,36
7284,36
7285,32
7286,33
7287,36
7288,37
7289,21
7290,34
7291,36
7292,34
7293,34
7294,35
7295,36
7296,35
7297,36
7298,35
7299,34
7300,31
7301,42
7302,36
7303,36
7304,33
7305,35
7306,34
7307,37
7308,31
7309,36
7310,32
7311,34
7312,36
7313,36
7314,34
7315,36
7316,36
7317,33
7318,36
7319,35
7320,33
7321,36
7322,35
7323,33
7324,34
7325,43
7326,16
7327,14
7328,26
7329,42
7330,38
7331,36
7332,31
7333,37
7334,33
7335,33
7336,36
7337,31
7338,36
7339,31
7340,35
7341,36
7342,35
7343,36
7344,36
7345,34
7346,45
7347,34
7348,36
7349,36
7350,36
7351,34
7352,35
7353,36
7354,35
7355,34
7356,36
7357,36
7358,33
7359,37
7360,35
7361,34
7362,35
7363,34
7364,35
7365,36
7366,35
7367,36
7368,34
7369,36
7370,35
7371,34
7372,35
7373,38
7374,35
7375,36
7376,33
7377,36
7378,34
7379,36
7380,33
7381,33
7382,33
7383,33
7384,36
7385,31
7386,34
7387,36
7388,35
7389,36
7390,35
7391,36
7392,32
7393,34
7394,35
7395,35
7396,36
7397,31
7398,36
7399,36
7400,35
7401,34
7402,33
7403,36
7404,34
7405,36
7406,33
7407,36
7408,35
7409,36
7410,31
7411,37
7412,36
7413,35
7414,36
7415,33
7416,34
7417,44
7418,37
7419,36
7420,31
7421,35
7422,36
7423,34
7424,35
7425,36
7426,35
7427,36
7428,36
7429,34
7430,35
7431,34
7432,35
7433,35
7434,35
7435,31
7436,32
7437,34
7438,36
7439,35
7440,36
7441,35
7442,33
7443,37
7444,36
7445,47
7446,78
7447,22
7448,36
7449,37
7450,33
7451,38
7452,36
7453,35
7454,33
7455,36
7456,32
7457,33
7458,37
7459,32
7460,34
7461,36
7462,33
7463,35
7464,33
7465,31
7466,42
7467,37
7468,36
7469,31
7470,36
7471,35
7472,33
7473,32
7474,34
7475,36
7476,34
7477,33
7478,35
7479,36
7480,33
7481,36
7482,30
7483,33
7484,36
7485,33
7486,36
7487,34
7488,34
7489,36
7490,35
7491,37
7492,33
7493,36
7494,33
7495,33
7496,31
7497,36
7498,35
7499,36
7500,35
7501,33
7502,30
7503,36
7504,37
7505,36
7506,35
7507,35
7508,35
7509,34
7510,33
7511,36
7512,34
7513,34
7514,31
7515,36
7516,33
7517,36
7518,34
7519,36
7520,34
7521,31
7522,36
7523,36
7524,33
7525,35
7526,36
7527,35
7528,36
7529,34
7530,35
7531,35
7532,35
7533,34
7534,32
7535,34
7536,35
7537,35
7538,36
7539,34
7540,35
7541,36
7542,35
7543,36
7544,34
7545,44
7546,35
7547,35
7548,32
7549,34
7550,38
7551,26
7552,16
7553,37
7554,18
7555,37
7556,26
7557,26
7558,42
7559,34
7560,42
7561,36
7562,38
7563,35
7564,35
7565,36
7566,36
7567,34
7568,36
7569,36
7570,33
7571,37
7572,36
7573,33
7574,36
7575,34
7576,35
7577,33
7578,35
7579,37
7580,40
7581,39
7582,34
7583,35
7584,37
7585,34
7586,36
7587,36
7588,33
7589,36
7590,36
7591,31
7592,36
7593,37
7594,33
7595,44
7596,43
7597,36
7598,36
7599,35
7600,34
7601,33
7602,37
7603,36
7604,36
7605,35
7606,27
7607,45
7608,21
7609,35
7610,39
7611,35
7612,36
7613,33
7614,35
7615,36
7616,37
7617,36
7618,34
7619,33
7620,38
7621,33
7622,36
7623,31
7624,43
7625,21
7626,42
7627,36
7628,36
7629,35
7630,36
7631,20
7632,40
7633,23
7634,20
7635,41
7636,33
7637,36
7638,28
7639,36
7640,36
7641,42
7642,15
7643,20
7644,27
7645,48
7646,39
7647,61
7648,40
7649,35
7650,36
7651,39
7652,45
7653,33
7654,37
7655,34
7656,36
7657,36
7658,35
7659,33
7660,42
7661,31
7662,36
7663,36
7664,31
7665,37
7666,36
7667,23
7668,51
7669,28
7670,36
7671,37
7672,36
7673,36
7674,34
7675,32
7676,35
7677,33
7678,33
7679,33
7680,33
7681,36
7682,36
7683,35
7684,36
7685,31
7686,33
7687,35
7688,36
7689,33
7690,36
7691,36
7692,35
7693,34
7694,31
7695,44
7696,31
7697,36
7698,35
7699,34
7700,35
7701,40
7702,33
7703,33
7704,39
7705,33
7706,32
7707,35
7708,36
7709,37
7710,36
7711,37
7712,32
7713,34
7714,33
7715,35
7716,34
7717,33
7718,43
7719,36
7720,37
7721,33
7722,32
7723,36
7724,34
7725,32
7726,36
7727,35
7728,37
7729,32
7730,30
7731,34
7732,30
7733,39
7734,35
7735,37
7736,33
7737,36
7738,33
7739,36
7740,31
7741,32
7742,35
7743,45
7744,36
7745,36
7746,37
7747,36
7748,34
7749,43
7750,36
7751,36
7752,35
7753,36
7754,36
7755,35
7756,35
7757,33
7758,34
7759,34
7760,34
7761,36
7762,36
7763,34
7764,35
7765,36
7766,36
7767,33
7768,37
7769,31
7770,36
7771,36
7772,37
7773,36
7774,35
7775,36
7776,35
7777,36
7778,32
7779,36
7780,34
7781,37
7782,36
7783,33
7784,35
7785,19
7786,29
7787,26
7788,35
7789,42
7790,42
7791,33
7792,33
7793,34
7794,36
7795,36
7796,31
7797,34
7798,38
7799,35
7800,34
7801,34
7802,35
7803,33
7804,35
7805,36
7806,36
7807,37
7808,35
7809,36
7810,35
7811,36
7812,36
7813,36
7814,43
7815,35
7816,36
7817,35
7818,36
7819,30
7820,36
7821,36
7822,35
7823,36
7824,33
7825,37
7826,30
7827,36
7828,36
7829,35
7830,36
7831,35
7832,34
7833,36
7834,31
7835,36
7836,36
7837,33
7838,34
7839,34
7840,17
7841,29
7842,18
7843,31
7844,33
7845,33
7846,36
7847,35
7848,35
7849,34
7850,35
7851,37
7852,43
7853,43
7854,32
7855,33
7856,34
7857,35
7858,34
7859,35
7860,36
7861,36
7862,34
7863,36
7864,36
7865,34
7866,24
7867,25
7868,21
7869,36
7870,39
7871,35
7872,34
7873,21
7874,36
7875,36
7876,34
7877,36
7878,36
7879,37
7880,36
7881,36
7882,35
7883,37
7884,35
7885,42
7886,35
7887,36
7888,34
7889,34
7890,36
7891,31
7892,41
7893,23
7894,30
7895,17
7896,45
7897,36
7898,37
7899,36
7900,43
7901,37
7902,35
7903,36
7904,34
7905,36
7906,38
7907,35
7908,36
7909,35
7910,34
7911,36
7912,33
7913,39
7914,35
7915,36
7916,33
7917,38
7918,36
7919,36
7920,33
7921,34
7922,33
7923,36
7924,35
7925,32
7926,36
7927,34
7928,33
7929,31
7930,37
7931,35
7932,34
7933,36
7934,36
7935,36
7936,36
7937,36
7938,36
7939,36
7940,32
7941,42
7942,34
7943,36
7944,36
7945,33
7946,34
7947,36
7948,36
7949,33
7950,34
7951,35
7952,36
7953,32
7954,35
7955,33
7956,34
7957,36
7958,36
7959,35
7960,37
7961,33
7962,29
7963,36
7964,36
7965,36
7966,36
7967,32
7968,33
7969,36
7970,36
7971,36
7972,33
7973,33
7974,36
7975,38
7976,35
7977,35
7978,34
7979,35
7980,34
7981,36
7982,36
7983,36
7984,36
7985,36
7986,35
7987,32
7988,44
7989,35
7990,36
7991,33
7992,35
7993,37
7994,35
7995,32
7996,35
7997,35
7998,31
7999,36
8000,36
8001,36
8002,34
8003,37
8004,34
8005,36
8006,35
8007,33
8008,35
8009,36
8010,42
8011,36
8012,33
8013,35
8014,37
8015,36
8016,36
8017,34
8018,34
8019,30
8020,31
8021,36
8022,34
8023,34
8024,36
8025,36
8026,32
8027,42
8028,36
8029,33
8030,36
8031,34
8032,34
8033,35
8034,36
8035,34
8036,34
8037,33
8038,35
8039,32
8040,36
8041,32
8042,36
8043,33
8044,44
8045,43
8046,35
8047,36
8048,34
8049,36
8050,35
8051,36
8052,33
8053,36
8054,32
8055,33
8056,34
8057,34
8058,34
8059,36
8060,32
8061,36
8062,36
8063,35
8064,36
8065,36
8066,36
8067,42
8068,36
8069,36
8070,33
8071,34
8072,36
8073,33
8074,34
8075,35
8076,36
8077,36
8078,35
8079,36
8080,32
8081,36
8082,36
8083,36
8084,36
8085,36
8086,35
8087,35
8088,36
8089,35
8090,36
8091,35
8092,35
8093,36
8094,34
8095,36
8096,37
8097,35
8098,34
8099,36
8100,37
8101,34
8102,34
8103,35
8104,36
8105,36
8106,36
8107,35
8108,36
8109,36
8110,34
8111,34
8112,36
8113,36
8114,34
8115,36
8116,34
8117,34
8118,36
8119,36
8120,36
8121,35
8122,32
8123,36
8124,36
8125,34
8126,36
8127,31
8128,36
8129,34
8130,35
8131,36
8132,32
8133,42
8134,34
8135,36
8136,35
8137,36
8138,37
8139,36
8140,36
8141,36
8142,35
8143,36
8144,35
8145,36
8146,35
8147,36
8148,35
8149,36
8150,35
8151,34
8152,35
8153,36
8154,35
8155,44
8156,41
8157,22
8158,38
8159,14
8160,34
8161,35
8162,36
8163,31
8164,36
8165,36
8166,34
8167,34
8168,35
8169,33
8170,35
8171,37
8172,36
8173,34
8174,42
8175,34
8176,34
8177,33
8178,34
8179,35
8180,36
8181,35
8182,69
8183,75
8184,21
8185,31
8186,38
8187,36
8188,36
8189,35
8190,36
8191,35
8192,36
8193,35
8194,34
8195,34
8196,31
8197,32
8198,36
8199,36
8200,35
8201,38
8202,35
8203,33
8204,35
8205,37
8206,36
8207,36
8208,35
8209,37
8210,19
8211,47
8212,19
8213,46
8214,30
8215,39
8216,36
8217,42
8218,33
8219,36
8220,35
8221,33
8222,33
8223,36
8224,33
8225,42
8226,34
8227,36
8228,31
8229,43
8230,34
8231,36
8232,34
8233,43
8234,21
8235,29
8236,53
8237,35
8238,36
8239,35
8240,36
8241,35
8242,36
8243,35
8244,36
8245,33
8246,37
8247,38
8248,35
8249,32
8250,31
8251,37
8252,36
8253,35
8254,34
8255,33
8256,34
8257,34
8258,36
8259,34
8260,42
8261,39
8262,36
8263,35
8264,34
8265,34
8266,37
8267,36
8268,33
8269,36
8270,31
8271,33
8272,36
8273,36
8274,34
8275,31
8276,36
8277,35
8278,34
8279,35
8280,36
8281,31
8282,42
8283,35
8284,36
8285,34
8286,36
8287,33
8288,36
8289,36
8290,31
8291,36
8292,34
8293,35
8294,36
8295,33
8296,36
8297,34
8298,34
8299,36
8300,33
8301,33
8302,35
8303,36
8304,35
8305,36
8306,33
8307,36
8308,34
8309,36
8310,31
8311,34
8312,33
8313,33
8314,36
8315,36
8316,33
8317,36
8318,34
8319,31
8320,36
8321,36
8322,34
8323,36
8324,36
8325,34
8326,34
8327,36
8328,33
8329,34
8330,36
8331,32
8332,37
8333,33
8334,34
8335,36
8336,36
8337,33
8338,36
8339,36
8340,33
8341,36
8342,36
8343,32
8344,36
8345,36
8346,35
8347,36
8348,35
8349,35
8350,34
8351,36
8352,34
8353,36
8354,36
8355,36
8356,36
8357,35
8358,37
8359,35
8360,36
8361,33
8362,35
8363,36
8364,35
8365,36
8366,35
8367,36
8368,35
8369,35
8370,34
8371,36
8372,35
8373,36
8374,37
8375,40
8376,35
8377,35
8378,37
8379,31
8380,32
8381,36
8382,35
8383,42
8384,33
8385,36
8386,33
8387,34
8388,35
8389,35
8390,36
8391,35
8392,35
8393,31
8394,36
8395,36
8396,33
8397,32
8398,34
8399,34
8400,36
8401,33
8402,36
8403,35
8404,36
8405,36
8406,36
8407,35
8408,34
8409,35
8410,34
8411,33
8412,34
8413,36
8414,33
8415,34
8416,34
8417,35
8418,36
8419,33
8420,36
8421,35
8422,34
8423,35
8424,31
8425,35
8426,36
8427,35
8428,36
8429,35
8430,36
8431,32
8432,36
8433,36
8434,35
8435,45
8436,36
8437,36
8438,36
8439,34
8440,36
8441,36
8442,36
8443,36
8444,35
8445,37
8446,34
8447,36
8448,32
8449,32
8450,34
8451,32
8452,36
8453,36
8454,35
8455,36
8456,33
8457,36
8458,35
8459,36
8460,33
8461,36
8462,36
8463,35
8464,36
8465,35
8466,36
8467,35
8468,36
8469,36
8470,36
8471,35
8472,36
8473,32
8474,34
8475,36
8476,35
8477,35
8478,33
8479,36
8480,36
8481,36
8482,36
8483,35
8484,36
8485,34
8486,36
8487,34
8488,36
8489,34
8490,34
8491,36
8492,34
8493,35
8494,36
8495,35
8496,36
8497,34
8498,36
8499,31
8500,35
8501,36
8502,36
8503,34
8504,35
8505,34
8506,35
8507,36
8508,36
8509,35
8510,34
8511,36
8512,36
8513,35
8514,36
8515,34
8516,36
8517,35
8518,31
8519,35
8520,44
8521,35
8522,38
8523,47
8524,27
8525,49
8526,26
8527,52
8528,18
8529,36
8530,36
8531,36
8532,37
8533,36
8534,35
8535,36
8536,35
8537,39
8538,36
8539,36
8540,37
8541,34
8542,34
8543,36
8544,35
8545,34
8546,36
8547,33
8548,36
8549,37
8550,33
8551,33
8552,31
8553,34
8554,34
8555,35
8556,34
8557,33
8558,36
8559,36
8560,34
8561,36
8562,38
8563,31
8564,36
8565,36
8566,32
8567,34
8568,36
8569,36
8570,36
8571,31
8572,42
8573,36
8574,34
8575,33
8576,36
8577,34
8578,33
8579,36
8580,35
8581,33
8582,36
8583,35
8584,36
8585,39
8586,30
8587,36
8588,36
8589,34
8590,36
8591,36
8592,36
8593,36
8594,33
8595,34
8596,36
8597,35
8598,21
8599,22
8600,49
8601,37
8602,37
8603,35
8604,34
8605,33
8606,37
8607,36
8608,35
8609,31
8610,33
8611,37
8612,33
8613,34
8614,35
8615,34
8616,34
8617,42
8618,33
8619,36
8620,35
8621,34
8622,31
8623,42
8624,34
8625,36
8626,33
8627,36
8628,34
8629,36
8630,33
8631,37
8632,34
8633,35
8634,36
8635,35
8636,37
8637,35
8638,36
8639,35
8640,36
8641,35
8642,31
8643,35
8644,36
8645,36
8646,34
8647,33
8648,33
8649,36
8650,35
8651,35
8652,35
8653,36
8654,34
8655,35
8656,34
8657,33
8658,35
8659,34
8660,33
8661,34
8662,32
8663,35
8664,36
8665,35
8666,36
8667,35
8668,36
8669,35
8670,34
8671,35
8672,36
8673,34
8674,36
8675,33
8676,34
8677,35
8678,34
8679,33
8680,34
8681,33
8682,33
8683,35
8684,36
8685,36
8686,42
8687,35
8688,29
8689,35
8690,36
8691,34
8692,42
8693,35
8694,36
8695,35
8696,36
8697,34
8698,36
8699,36
8700,36
8701,35
8702,42
8703,36
8704,36
8705,35
8706,36
8707,36
8708,34
8709,35
8710,34
8711,37
8712,36
8713,36
8714,36
8715,35
8716,36
8717,35
8718,36
8719,35
8720,36
8721,35
8722,36
8723,33
8724,36
8725,37
8726,33
8727,35
8728,36
8729,35
8730,33
8731,37
8732,35
8733,34
8734,35
8735,36
8736,35
8737,36
8738,35
8739,36
8740,35
8741,36
8742,33
8743,37
8744,33
8745,37
8746,36
8747,33
8748,36
8749,35
8750,36
8751,35
8752,33
8753,33
8754,34
8755,36
8756,36
8757,36
8758,36
8759,36
8760,35
8761,36
8762,35
8763,35
8764,36
8765,35
8766,36
8767,33
8768,35
8769,35
8770,36
8771,35
8772,34
8773,36
8774,36
8775,33
8776,36
8777,36
8778,34
8779,42
8780,36
8781,34
8782,33
8783,36
8784,32
8785,34
8786,36
8787,36
8788,37
8789,35
8790,36
8791,35
8792,36
8793,35
8794,36
8795,35
8796,36
8797,35
8798,36
8799,33
8800,36
8801,36
8802,35
8803,35
8804,34
8805,36
8806,36
8807,31
8808,36
8809,35
8810,35
8811,35
8812,36
8813,36
8814,35
8815,35
8816,35
8817,32
8818,36
8819,36
8820,35
8821,36
8822,35
8823,36
8824,35
8825,35
8826,33
8827,35
8828,32
8829,36
8830,36
8831,32
8832,42
8833,34
8834,36
8835,35
8836,36
8837,35
8838,36
8839,37
8840,39
8841,24
8842,16
8843,33
8844,33
8845,40
8846,38
8847,36
8848,38
8849,42
8850,35
8851,33
8852,33
8853,32
8854,39
8855,35
8856,34
8857,34
8858,36
8859,35
8860,39
8861,35
8862,37
8863,25
8864,42
8865,34
8866,37
8867,35
8868,38
8869,32
8870,37
8871,48
8872,34
8873,37
8874,33
8875,36
8876,33
8877,35
8878,36
8879,35
8880,36
8881,37
8882,35
8883,36
8884,26
8885,36
8886,35
8887,34
8888,35
8889,36
8890,32
8891,34
8892,36
8893,42
8894,37
8895,35
8896,36
8897,33
8898,36
8899,39
8900,59
8901,36
8902,35
8903,36
8904,35
8905,37
8906,36
8907,36
8908,42
8909,35
8910,36
8911,33
8912,34
8913,33
8914,35
8915,32
8916,34
8917,36
8918,36
8919,30
8920,39
8921,36
8922,33
8923,32
8924,36
8925,33
8926,35
8927,34
8928,35
8929,36
8930,37
8931,26
8932,23
8933,43
8934,36
8935,25
8936,25
8937,42
8938,33
8939,37
8940,36
8941,34
8942,33
8943,34
8944,35
8945,37
8946,34
8947,36
8948,36
8949,37
8950,33
8951,33
8952,33
8953,35
8954,33
8955,36
8956,35
8957,36
8958,35
8959,36
8960,35
8961,35
8962,33
8963,36
8964,35
8965,42
8966,33
8967,36
8968,35
8969,36
8970,34
8971,33
8972,37
8973,34
8974,35
8975,34
8976,33
8977,36
8978,34
8979,36
8980,36
8981,36
8982,35
8983,36
8984,33
8985,34
8986,33
8987,35
8988,33
8989,36
8990,36
8991,36
8992,36
8993,37
8994,37
8995,36
8996,36
8997,35
8998,39
8999,51
9000,18
9001,37
9002,39
9003,36
9004,36
9005,34
9006,36
9007,36
9008,33
9009,35
9010,33
9011,36
9012,36
9013,31
9014,37
9015,36
9016,35
9017,36
9018,35
9019,34
9020,32
9021,30
9022,34
9023,42
9024,36
9025,38
9026,33
9027,37
9028,36
9029,35
9030,33
9031,36
9032,36
9033,35
9034,35
9035,35
9036,35
9037,35
9038,34
9039,33
9040,42
9041,36
9042,36
9043,33
9044,34
9045,33
9046,36
9047,36
9048,36
9049,35
9050,33
9051,33
9052,33
9053,36
9054,35
9055,36
9056,33
9057,34
9058,35
9059,36
9060,32
9061,35
9062,34
9063,35
9064,36
9065,35
9066,35
9067,33
9068,36
9069,37
9070,37
9071,32
9072,35
9073,36
9074,34
9075,34
9076,35
9077,36
9078,130
9079,21
9080,44
9081,36
9082,34
9083,33
9084,34
9085,36
9086,36
9087,33
9088,36
9089,34
9090,36
9091,36
9092,35
9093,34
9094,36
9095,37
9096,33
9097,36
9098,34
9099,38
9100,34
9101,36
9102,34
9103,36
9104,36
9105,36
9106,35
9107,34
9108,33
9109,37
9110,35
9111,35
9112,35
9113,36
9114,35
9115,34
9116,34
9117,34
9118,36
9119,33
9120,36
9121,36
9122,35
9123,36
9124,27
9125,32
9126,42
9127,33
9128,33
9129,36
9130,36
9131,36
9132,35
9133,34
9134,78
9135,18
9136,44
9137,42
9138,36
9139,32
9140,33
9141,36
9142,33
9143,44
9144,36
9145,33
9146,36
9147,37
9148,33
9149,36
9150,32
9151,34
9152,37
9153,36
9154,33
9155,39
9156,11
9157,34
9158,36
9159,36
9160,36
9161,36
9162,35
9163,30
9164,26
9165,35
9166,34
9167,42
9168,36
9169,33
9170,34
9171,33
9172,36
9173,36
9174,35
9175,34
9176,37
9177,32
9178,32
9179,34
9180,36
9181,33
9182,34
9183,36
9184,34
9185,37
9186,29
9187,34
9188,38
9189,36
9190,37
9191,35
9192,42
9193,36
9194,31
9195,34
9196,36
9197,33
9198,36
9199,31
9200,49
9201,42
9202,47
9203,42
9204,48
9205,31
9206,48
9207,46
9208,34
9209,34
9210,30
9211,48
9212,32
9213,49
9214,48
9215,33
9216,39
9217,48
9218,48
9219,49
9220,38
9221,32
9222,31
9223,25
9224,34
9225,47
9226,48
9227,30
9228,36
9229,31
9230,36
9231,36
9232,36
9233,35
9234,36
9235,35
9236,36
9237,36
9238,36
9239,35
9240,36
9241,31
9242,30
9243,46
9244,46
9245,38
9246,33
9247,35
9248,35
9249,35
9250,33
9251,36
9252,33
9253,34
9254,35
9255,42
9256,35
9257,35
9258,34
9259,35
9260,43
9261,37
9262,34
9263,43
9264,36
9265,33
9266,42
9267,36
9268,36
9269,36
9270,36
9271,33
9272,36
9273,39
9274,36
9275,36
9276,32
9277,34
9278,36
9279,39
9280,43
9281,36
9282,32
9283,34
9284,36
9285,34
9286,34
9287,35
9288,36
9289,36
9290,36
9291,35
9292,35
9293,33
9294,36
9295,32
9296,35
9297,33
9298,35
9299,36
9300,36
9301,35
9302,37
9303,36
9304,36
9305,35
9306,32
9307,38
9308,44
9309,36
9310,42
9311,36
9312,33
9313,36
9314,33
9315,36
9316,35
9317,36
9318,34
9319,35
9320,36
9321,29
9322,34
9323,36
9324,36
9325,36
9326,35
9327,36
9328,36
9329,36
9330,36
9331,34
9332,35
9333,33
9334,36
9335,36
9336,36
9337,36
9338,36
9339,36
9340,36
9341,36
9342,36
9343,36
9344,36
9345,34
9346,31
9347,38
9348,34
9349,36
9350,36
9351,36
9352,36
9353,35
9354,36
9355,35
9356,34
9357,31
9358,43
9359,36
9360,43
9361,37
9362,35
9363,31
9364,36
9365,36
9366,36
9367,31
9368,35
9369,36
9370,36
9371,35
9372,36
9373,34
9374,34
9375,36
9376,36
9377,36
9378,35
9379,33
9380,33
9381,36
9382,36
9383,34
9384,36
9385,36
9386,32
9387,36
9388,36
9389,35
9390,34
9391,32
9392,36
9393,36
9394,35
9395,32
9396,34
9397,36
9398,35
9399,36
9400,35
9401,36
9402,34
9403,37
9404,36
9405,44
9406,33
9407,36
9408,36
9409,36
9410,35
9411,36
9412,35
9413,36
9414,34
9415,36
9416,36
9417,36
9418,36
9419,38
9420,36
9421,42
9422,39
9423,47
9424,32
9425,35
9426,33
9427,35
9428,36
9429,36
9430,34
9431,33
9432,36
9433,35
9434,36
9435,36
9436,35
9437,36
9438,36
9439,34
9440,35
9441,36
9442,32
9443,34
9444,35
9445,38
9446,35
9447,36
9448,33
9449,36
9450,36
9451,36
9452,36
9453,35
9454,36
9455,34
9456,34
9457,35
9458,35
9459,35
9460,35
9461,35
9462,34
9463,35
9464,36
9465,32
9466,35
9467,36
9468,35
9469,35
9470,35
9471,36
9472,36
9473,36
9474,35
9475,36
9476,34
9477,36
9478,33
9479,36
9480,33
9481,36
9482,35
9483,33
9484,36
9485,36
9486,35
9487,36
9488,35
9489,36
9490,35
9491,36
9492,35
9493,36
9494,33
9495,36
9496,36
9497,34
9498,35
9499,36
9500,35
9501,36
9502,35
9503,33
9504,36
9505,35
9506,36
9507,35
9508,34
9509,35
9510,36
9511,36
9512,35
9513,36
9514,36
9515,35
9516,36
9517,33
9518,36
9519,33
9520,36
9521,35
9522,36
9523,35
9524,36
9525,36
9526,36
9527,34
9528,35
9529,36
9530,35
9531,36
9532,35
9533,36
9534,35
9535,36
9536,35
9537,36
9538,36
9539,36
9540,31
9541,36
9542,36
9543,35
9544,34
9545,35
9546,36
9547,35
9548,36
9549,35
9550,36
9551,36
9552,31
9553,35
9554,35
9555,36
9556,32
9557,33
9558,34
9559,36
9560,36
9561,36
9562,36
9563,35
9564,36
9565,35
9566,36
9567,35
9568,34
9569,36
9570,34
9571,36
9572,36
9573,35
9574,36
9575,33
9576,36
9577,33
9578,36
9579,36
9580,35
9581,36
9582,36
9583,36
9584,34
9585,36
9586,35
9587,36
9588,35
9589,37
9590,65
9591,27
9592,26
9593,43
9594,37
9595,35
9596,42
9597,36
9598,42
9599,35
9600,36
9601,36
9602,32
9603,34
9604,36
9605,31
9606,36
9607,30
9608,34
9609,35
9610,37
9611,43
9612,37
9613,31
9614,34
9615,36
9616,34
9617,42
9618,33
9619,33
9620,35
9621,36
9622,33
9623,37
9624,36
9625,32
9626,34
9627,36
9628,35
9629,33
9630,31
9631,43
9632,36
9633,34
9634,33
9635,34
9636,36
9637,35
9638,36
9639,35
9640,36
9641,33
9642,34
9643,34
9644,35
9645,36
9646,31
9647,36
9648,36
9649,34
9650,36
9651,33
9652,31
9653,36
9654,37
9655,17
9656,38
9657,36
9658,46
9659,35
9660,38
9661,32
9662,44
9663,35
9664,36
9665,36
9666,36
9667,36
9668,34
9669,34
9670,34
9671,36
9672,36
9673,33
9674,36
9675,37
9676,37
9677,36
9678,36
9679,36
9680,36
9681,34
9682,36
9683,36
9684,33
9685,35
9686,35
9687,34
9688,35
9689,35
9690,34
9691,36
9692,32
9693,33
9694,36
9695,35
9696,34
9697,33
9698,36
9699,36
9700,32
9701,36
9702,36
9703,31
9704,36
9705,36
9706,33
9707,36
9708,36
9709,34
9710,36
9711,36
9712,33
9713,36
9714,36
9715,36
9716,35
9717,33
9718,36
9719,35
9720,35
9721,36
9722,34
9723,34
9724,32
9725,36
9726,34
9727,36
9728,31
9729,35
9730,36
9731,33
9732,36
9733,36
9734,34
9735,35
9736,34
9737,31
9738,35
9739,36
9740,33
9741,34
9742,36
9743,33
9744,36
9745,33
9746,36
9747,34
9748,34
9749,36
9750,36
9751,33
9752,34
9753,37
9754,31
9755,36
9756,35
9757,35
9758,35
9759,33
9760,36
9761,35
9762,33
9763,32
9764,35
9765,36
9766,36
9767,33
9768,32
9769,34
9770,35
9771,36
9772,35
9773,35
9774,33
9775,36
9776,34
9777,33
9778,35
9779,35
9780,33
9781,36
9782,35
9783,33
9784,36
9785,37
9786,33
9787,36
9788,35
9789,35
9790,36
9791,35
9792,36
9793,34
9794,34
9795,34
9796,36
9797,35
9798,35
9799,35
9800,33
9801,33
9802,36
9803,36
9804,33
9805,35
9806,34
9807,36
9808,33
9809,36
9810,36
9811,35
9812,36
9813,35
9814,34
9815,35
9816,34
9817,32
9818,36
9819,36
9820,33
9821,31
9822,35
9823,33
9824,36
9825,36
9826,34
9827,35
9828,36
9829,34
9830,36
9831,36
9832,34
9833,36
9834,32
9835,35
9836,36
9837,35
9838,36
9839,33
9840,36
9841,36
9842,33
9843,36
9844,36
9845,33
9846,36
9847,36
9848,33
9849,35
9850,34
9851,34
9852,36
9853,34
9854,35
9855,33
9856,32
9857,36
9858,34
9859,34
9860,35
9861,36
9862,35
9863,35
9864,33
9865,36
9866,32
9867,33
9868,36
9869,36
9870,33
9871,36
9872,34
9873,34
9874,34
9875,36
9876,33
9877,36
9878,36
9879,34
9880,36
9881,36
9882,34
9883,50
9884,75
9885,18
9886,42
9887,34
9888,35
9889,33
9890,35
9891,37
9892,35
9893,35
9894,36
9895,35
9896,37
9897,37
9898,36
9899,25
9900,25
9901,26
9902,19
9903,29
9904,22
9905,36
9906,36
9907,36
9908,36
9909,37
9910,36
9911,36
9912,33
9913,34
9914,34
9915,33
9916,38
9917,33
9918,34
9919,35
9920,36
9921,33
9922,45
9923,32
9924,43
9925,33
9926,36
9927,34
9928,36
9929,36
9930,40
9931,26
9932,18
9933,42
9934,34
9935,36
9936,37
9937,33
9938,36
9939,34
9940,33
9941,37
9942,33
9943,36
9944,45
9945,36
9946,37
9947,36
9948,34
9949,46
9950,32
9951,36
9952,34
9953,33
9954,34
9955,33
9956,34
9957,31
9958,36
9959,36
9960,36
9961,34
9962,35
9963,34
9964,36
9965,31
9966,29
9967,36
9968,35
9969,37
9970,37
9971,36
9972,37
9973,36
9974,32
9975,42
9976,36
9977,36
9978,32
9979,36
9980,36
9981,36
9982,33
9983,36
9984,36
9985,33
9986,36
9987,35
9988,36
9989,35
9990,34
9991,35
9992,34
9993,35
9994,36
9995,34
9996,36
9997,35
9998,36
9999,33
